Id,SalePrice
30474,539575.44
30475,923584.06
30476,527408.0
30477,754121.4
30478,602920.75
30479,523893.4
30480,482907.1
30481,525758.8
30482,504812.2
30483,529525.75
30484,492421.28
30485,507160.75
30486,474011.4
30487,478790.5
30488,644075.75
30489,802945.7
30490,1.6997836e+06
30491,1.2730946e+06
30492,732971.0
30493,1.133004e+06
30494,902227.06
30495,1.0863278e+06
30496,1.5379964e+06
30497,1.0501762e+06
30498,506849.84
30499,1.0579921e+06
30500,1.0821122e+06
30501,577893.75
30502,445629.34
30503,502212.94
30504,549504.44
30505,1.0704552e+06
30506,415693.53
30507,504242.97
30508,579539.56
30509,604297.1
30510,608839.8
30511,567843.7
30512,539962.0
30513,519599.34
30514,683015.75
30515,536938.5
30516,538241.25
30517,620256.3
30518,522997.34
30519,548605.4
30520,493802.44
30521,420489.75
30522,801794.06
30523,441672.53
30524,617393.44
30525,462478.84
30526,599806.0
30527,658987.5
30528,561383.9
30529,568343.25
30530,512505.66
30531,1.1316292e+06
30532,647328.94
30533,812337.75
30534,728734.7
30535,689470.56
30536,757104.7
30537,1.1912639e+06
30538,450207.28
30539,1.3148481e+06
30540,566429.4
30541,573588.5
30542,412325.25
30543,527567.0
30544,1.0646601e+06
30545,584669.0
30546,593314.06
30547,703899.75
30548,595914.7
30549,476935.7
30550,1.2151105e+06
30551,483336.97
30552,399809.34
30553,565203.4
30554,1.1748592e+06
30555,685558.9
30556,653493.9
30557,997732.0
30558,555025.06
30559,552308.44
30560,528710.8
30561,560592.1
30562,771116.0
30563,449483.12
30564,556509.1
30565,1.1554342e+06
30566,1.0559278e+06
30567,395857.5
30568,619503.2
30569,846440.25
30570,574710.44
30571,666327.0
30572,513355.34
30573,496511.56
30574,560875.0
30575,521189.47
30576,477229.62
30577,552314.75
30578,461912.88
30579,725001.1
30580,427091.56
30581,526858.56
30582,783253.4
30583,713611.25
30584,469691.97
30585,419888.25
30586,939391.6
30587,843951.2
30588,557163.4
30589,624252.44
30590,1.1905949e+06
30591,526641.06
30592,597010.25
30593,1.3689049e+06
30594,937966.5
30595,448878.25
30596,1.5177938e+06
30597,491267.38
30598,581724.56
30599,1.1847278e+06
30600,592653.0
30601,520151.66
30602,396883.03
30603,1.086793e+06
30604,530605.56
30605,492706.4
30606,1.7330229e+06
30607,564444.4
30608,991996.7
30609,814637.2
30610,421029.03
30611,574908.4
30612,593987.8
30613,753363.0
30614,1.557511e+06
30615,614351.6
30616,520494.56
30617,558497.06
30618,521511.66
30619,432348.16
30620,523513.84
30621,614882.06
30622,576030.7
30623,568702.7
30624,961021.44
30625,781819.75
30626,546143.06
30627,917234.3
30628,498128.88
30629,527754.7
30630,431777.88
30631,585274.9
30632,468586.4
30633,544186.1
30634,1.1909412e+06
30635,581724.56
30636,492907.1
30637,575700.6
30638,533342.06
30639,558985.75
30640,571297.25
30641,1.1212114e+06
30642,544309.6
30643,1.02925625e+06
30644,615592.6
30645,747106.9
30646,364969.72
30647,574717.56
30648,1.8375995e+06
30649,578987.1
30650,502993.75
30651,420960.0
30652,522913.06
30653,515998.0
30654,504264.62
30655,689842.9
30656,465797.72
30657,470200.2
30658,787578.25
30659,477977.97
30660,635116.06
30661,492843.16
30662,534386.8
30663,1.9381062e+06
30664,624973.8
30665,815106.6
30666,407439.5
30667,485936.3
30668,744253.1
30669,493666.38
30670,399048.25
30671,814891.3
30672,705427.94
30673,1.0671852e+06
30674,952703.7
30675,412325.25
30676,867546.6
30677,520947.94
30678,1.258181e+06
30679,562922.56
30680,800350.2
30681,429716.12
30682,605819.3
30683,887933.6
30684,539195.8
30685,604086.2
30686,536744.44
30687,611461.2
30688,464231.38
30689,615318.5
30690,1.8399071e+06
30691,527095.25
30692,551998.3
30693,854076.2
30694,513186.97
30695,638196.8
30696,549336.25
30697,501473.5
30698,620118.5
30699,451262.56
30700,467079.72
30701,616614.4
30702,462758.56
30703,597257.94
30704,711107.1
30705,604952.1
30706,1.5293639e+06
30707,720975.2
30708,982176.5
30709,490095.16
30710,572482.44
30711,640232.3
30712,465830.6
30713,512930.1
30714,541175.06
30715,495893.56
30716,884455.0
30717,547569.94
30718,965890.25
30719,1.090591e+06
30720,598138.6
30721,332344.1
30722,1.02753894e+06
30723,798725.25
30724,871045.94
30725,480265.78
30726,1.121283e+06
30727,536938.5
30728,987342.7
30729,782514.2
30730,464969.1
30731,751241.5
30732,433624.94
30733,1.2231911e+06
30734,498328.9
30735,658463.56
30736,744309.9
30737,535867.3
30738,537467.2
30739,738652.9
30740,692417.3
30741,983346.2
30742,651598.3
30743,595780.56
30744,740120.94
30745,871153.94
30746,658463.56
30747,1.103336e+06
30748,1.5189059e+06
30749,535534.75
30750,725623.7
30751,514460.03
30752,661432.3
30753,960059.56
30754,518608.25
30755,748713.2
30756,937834.1
30757,547116.3
30758,639354.25
30759,554806.5
30760,743991.94
30761,608311.06
30762,937748.25
30763,704775.0
30764,828793.5
30765,494364.6
30766,453121.22
30767,579208.06
30768,537880.0
30769,560416.75
30770,822192.44
30771,444043.56
30772,587173.44
30773,1.0946434e+06
30774,666581.25
30775,806518.94
30776,503658.06
30777,750221.25
30778,856722.56
30779,551066.75
30780,546781.44
30781,494160.0
30782,554636.2
30783,564519.25
30784,466119.9
30785,506725.62
30786,489940.5
30787,911526.06
30788,687772.94
30789,587591.9
30790,536667.7
30791,703420.6
30792,498328.9
30793,832211.1
30794,825126.25
30795,687551.94
30796,1.3013192e+06
30797,1.0009008e+06
30798,438680.75
30799,918244.3
30800,1.2717404e+06
30801,756316.6
30802,1.2188884e+06
30803,447321.03
30804,447369.66
30805,729189.3
30806,498328.9
30807,569532.56
30808,661679.6
30809,653611.06
30810,1.1788615e+06
30811,611528.25
30812,514219.2
30813,525085.9
30814,426402.94
30815,456308.12
30816,1.0596784e+06
30817,395186.8
30818,515094.3
30819,656921.8
30820,542522.25
30821,1.7358712e+06
30822,484509.2
30823,498370.72
30824,470331.16
30825,664443.6
30826,656250.56
30827,605940.06
30828,554126.0
30829,586235.1
30830,891066.3
30831,512509.56
30832,502192.8
30833,565313.3
30834,434196.8
30835,676613.6
30836,954235.0
30837,624494.8
30838,515933.53
30839,513015.2
30840,1.2125776e+06
30841,626036.25
30842,539922.4
30843,507035.47
30844,984224.3
30845,1.0653945e+06
30846,517571.16
30847,571655.9
30848,1.0086288e+06
30849,465210.4
30850,473236.34
30851,532994.8
30852,1.144091e+06
30853,508995.7
30854,561821.5
30855,552344.8
30856,609016.3
30857,402975.44
30858,516819.94
30859,757084.5
30860,535011.5
30861,514622.47
30862,572413.1
30863,600056.06
30864,586582.44
30865,607507.56
30866,1.0474117e+06
30867,501171.8
30868,533976.2
30869,491214.9
30870,588892.8
30871,536715.3
30872,504377.62
30873,437656.12
30874,523310.7
30875,498614.12
30876,613827.44
30877,553152.4
30878,572531.56
30879,1.1560118e+06
30880,754377.44
30881,394173.2
30882,888072.5
30883,409959.75
30884,570945.44
30885,516022.6
30886,1.0757349e+06
30887,566988.2
30888,557691.8
30889,521926.1
30890,694311.1
30891,453627.1
30892,453121.22
30893,518266.6
30894,559889.0
30895,449727.53
30896,497918.47
30897,911201.0
30898,503741.2
30899,489114.16
30900,445383.34
30901,537448.25
30902,395857.5
30903,503907.44
30904,620545.0
30905,570945.44
30906,600745.44
30907,1.0750969e+06
30908,473475.12
30909,1.1374026e+06
30910,980978.25
30911,511355.4
30912,528345.9
30913,975949.6
30914,546086.8
30915,573172.4
30916,613239.44
30917,474487.66
30918,506118.53
30919,819047.94
30920,511801.84
30921,522844.75
30922,528713.4
30923,458932.3
30924,638981.25
30925,1.0436855e+06
30926,496152.78
30927,784727.75
30928,469095.7
30929,580141.2
30930,1.1974796e+06
30931,594485.4
30932,521333.62
30933,494279.25
30934,1.1520991e+06
30935,503741.2
30936,499713.3
30937,1.0570764e+06
30938,347241.0
30939,2.036411e+06
30940,525478.6
30941,587913.6
30942,450219.3
30943,824791.94
30944,582543.44
30945,484625.66
30946,1.2406656e+06
30947,530836.9
30948,543333.06
30949,650990.9
30950,546315.5
30951,1.3444778e+06
30952,1.1844882e+06
30953,619818.1
30954,530530.6
30955,536019.6
30956,632328.75
30957,513209.47
30958,2.4038695e+06
30959,916787.4
30960,605155.25
30961,563030.44
30962,1.138388e+06
30963,439017.66
30964,442965.44
30965,782083.0
30966,984449.6
30967,1.2157539e+06
30968,460006.3
30969,427888.16
30970,663029.5
30971,1.2261799e+06
30972,427411.0
30973,585056.6
30974,470905.62
30975,609384.7
30976,841803.4
30977,529053.8
30978,892662.8
30979,439160.03
30980,2.0244636e+06
30981,800483.75
30982,923387.7
30983,444425.28
30984,570945.44
30985,440937.72
30986,693089.9
30987,854768.8
30988,549392.9
30989,924207.9
30990,1.1285739e+06
30991,988327.2
30992,418600.8
30993,622990.44
30994,536640.56
30995,536402.6
30996,656639.4
30997,1.02981194e+06
30998,471821.78
30999,958135.1
31000,1.0317593e+06
31001,832096.0
31002,592558.06
31003,809244.8
31004,417856.56
31005,419027.78
31006,520015.28
31007,550510.0
31008,567053.6
31009,528424.0
31010,538549.3
31011,452907.38
31012,751789.06
31013,1.0332166e+06
31014,524609.9
31015,492365.4
31016,492538.22
31017,543589.6
31018,573878.0
31019,613969.75
31020,546388.44
31021,1.0632711e+06
31022,1.0353235e+06
31023,615592.6
31024,503318.6
31025,1.0772049e+06
31026,438654.8
31027,468252.72
31028,531825.94
31029,924448.5
31030,494707.0
31031,732841.7
31032,850738.3
31033,908620.25
31034,511197.94
31035,692054.94
31036,552444.4
31037,1.7348618e+06
31038,478025.84
31039,544487.7
31040,597425.44
31041,478528.47
31042,457044.16
31043,722118.1
31044,465201.53
31045,628602.1
31046,1.178304e+06
31047,1.1146641e+06
31048,580757.3
31049,554389.25
31050,1.0720939e+06
31051,654567.94
31052,440524.12
31053,1.498508e+06
31054,846182.0
31055,491625.47
31056,1.0751471e+06
31057,727187.94
31058,761342.56
31059,436832.56
31060,712969.8
31061,753631.06
31062,523516.84
31063,427590.38
31064,470553.7
31065,673016.1
31066,481815.03
31067,1.0748058e+06
31068,436495.66
31069,654136.75
31070,571941.06
31071,440516.56
31072,588621.6
31073,395186.8
31074,637525.9
31075,1.0106836e+06
31076,574449.6
31077,658463.56
31078,437191.8
31079,486183.84
31080,498128.88
31081,428487.22
31082,1.0627206e+06
31083,653611.06
31084,688565.75
31085,1.0659341e+06
31086,475367.25
31087,521693.22
31088,434235.34
31089,540323.1
31090,1.5189985e+06
31091,417858.16
31092,820450.44
31093,815106.6
31094,590468.56
31095,524846.06
31096,1.5831869e+06
31097,980433.94
31098,690631.44
31099,958928.56
31100,469697.78
31101,478194.1
31102,529654.56
31103,1.1797838e+06
31104,449812.44
31105,607479.75
31106,539120.75
31107,1.0002567e+06
31108,546173.75
31109,486009.53
31110,544777.56
31111,1.2500565e+06
31112,527583.56
31113,450228.75
31114,523611.22
31115,619167.06
31116,474382.7
31117,551999.9
31118,439289.88
31119,428198.0
31120,536792.06
31121,592194.8
31122,734560.9
31123,459706.34
31124,562520.56
31125,502261.3
31126,958651.5
31127,671796.5
31128,460697.34
31129,618981.1
31130,987880.5
31131,968265.1
31132,589577.25
31133,610989.0
31134,536629.3
31135,1.0924022e+06
31136,720787.5
31137,588975.4
31138,543393.7
31139,442001.62
31140,680075.94
31141,565393.7
31142,565984.94
31143,604310.4
31144,435445.0
31145,504467.12
31146,511806.22
31147,1.1852048e+06
31148,722038.25
31149,395857.5
31150,1.007702e+06
31151,499584.66
31152,1.1105685e+06
31153,489020.4
31154,1.1498688e+06
31155,572365.06
31156,561320.75
31157,667415.1
31158,1.0983712e+06
31159,1.0032211e+06
31160,581577.06
31161,453133.75
31162,648640.9
31163,535068.6
31164,814356.0
31165,663029.5
31166,523067.7
31167,620023.3
31168,1.2005326e+06
31169,541428.5
31170,508700.16
31171,1.1030972e+06
31172,627005.4
31173,660136.06
31174,634675.9
31175,1.1682328e+06
31176,458645.72
31177,1.2026961e+06
31178,498001.1
31179,514979.88
31180,467380.06
31181,670758.75
31182,524352.25
31183,991546.44
31184,527713.94
31185,416685.8
31186,1.1112189e+06
31187,479423.3
31188,505544.0
31189,478033.12
31190,581165.06
31191,1.2282468e+06
31192,462552.94
31193,557111.3
31194,1.3631299e+06
31195,598273.8
31196,538757.9
31197,1.247916e+06
31198,564247.94
31199,497704.34
31200,803138.7
31201,471376.53
31202,560612.44
31203,753938.75
31204,466142.56
31205,1.0943469e+06
31206,511718.38
31207,550681.2
31208,449864.78
31209,491029.44
31210,557234.06
31211,662650.25
31212,689225.4
31213,811175.75
31214,501295.62
31215,504377.62
31216,570945.44
31217,902851.1
31218,822258.3
31219,500257.38
31220,639440.9
31221,444127.44
31222,564263.0
31223,581461.1
31224,546480.1
31225,956362.25
31226,847904.25
31227,567821.5
31228,1.2452482e+06
31229,454603.28
31230,715176.9
31231,447087.72
31232,530937.6
31233,491546.7
31234,494053.06
31235,480307.94
31236,464825.9
31237,1.0092648e+06
31238,491267.38
31239,1.1943204e+06
31240,558463.56
31241,492632.2
31242,693550.75
31243,477328.84
31244,730013.9
31245,568844.25
31246,596461.06
31247,483950.88
31248,476065.9
31249,788537.25
31250,671796.5
31251,712969.8
31252,738499.3
31253,517531.2
31254,740685.8
31255,1.1841731e+06
31256,564912.4
31257,495826.88
31258,596786.5
31259,616142.4
31260,616561.44
31261,1.5352852e+06
31262,570945.44
31263,595662.94
31264,439831.47
31265,572778.44
31266,609086.6
31267,463265.9
31268,581345.25
31269,508855.9
31270,444951.6
31271,620249.8
31272,851750.6
31273,552635.1
31274,533716.06
31275,539093.0
31276,574115.56
31277,529986.5
31278,984132.3
31279,1.1934072e+06
31280,614198.7
31281,1.0098531e+06
31282,1.0590995e+06
31283,813399.75
31284,507527.97
31285,451712.1
31286,725118.0
31287,886912.1
31288,526960.56
31289,1.1507902e+06
31290,558690.44
31291,477769.7
31292,512064.0
31293,836050.94
31294,444558.8
31295,1.520226e+06
31296,684360.9
31297,555464.06
31298,560732.75
31299,738869.1
31300,614620.56
31301,908828.25
31302,495767.78
31303,613696.3
31304,702066.8
31305,1.1968596e+06
31306,432957.2
31307,832594.5
31308,674198.2
31309,813580.56
31310,2.2914685e+06
31311,566432.06
31312,523875.44
31313,1.2266524e+06
31314,498955.7
31315,885923.0
31316,1.0662086e+06
31317,1.1947579e+06
31318,632087.0
31319,501068.6
31320,553265.25
31321,1.0138868e+06
31322,938879.3
31323,902369.06
31324,408557.4
31325,512051.3
31326,510546.03
31327,636133.9
31328,1.0529872e+06
31329,479628.2
31330,800879.3
31331,1.0573395e+06
31332,498479.6
31333,530629.3
31334,452907.38
31335,523340.12
31336,581527.1
31337,463260.62
31338,574130.3
31339,508132.38
31340,556413.6
31341,781887.56
31342,499923.53
31343,415678.47
31344,473337.44
31345,660155.56
31346,446251.1
31347,675997.7
31348,1.099714e+06
31349,1.1661168e+06
31350,471158.53
31351,438455.3
31352,596762.6
31353,389820.25
31354,547842.06
31355,1.5891771e+06
31356,490661.97
31357,468874.75
31358,527154.56
31359,654695.3
31360,2.4936478e+06
31361,532812.9
31362,781372.5
31363,623358.9
31364,476359.3
31365,427590.38
31366,621413.8
31367,700940.25
31368,564667.8
31369,575089.3
31370,1.01844444e+06
31371,1.079835e+06
31372,831822.3
31373,438275.53
31374,645374.94
31375,529319.25
31376,505524.22
31377,1.1319282e+06
31378,592116.3
31379,2.0265401e+06
31380,508393.66
31381,625301.1
31382,537637.44
31383,920421.25
31384,2.247336e+06
31385,1.2687144e+06
31386,574741.7
31387,1.105877e+06
31388,625864.3
31389,441972.12
31390,534291.5
31391,485919.16
31392,865827.44
31393,915883.8
31394,562013.3
31395,484785.12
31396,1.1342742e+06
31397,538699.3
31398,416095.72
31399,1.2529281e+06
31400,433368.62
31401,798588.2
31402,675851.3
31403,474009.62
31404,555620.4
31405,463538.6
31406,535415.75
31407,424243.03
31408,916887.94
31409,488578.5
31410,1.203186e+06
31411,858477.7
31412,1.0519585e+06
31413,639939.9
31414,542758.2
31415,944108.56
31416,545168.9
31417,526369.4
31418,1.1259636e+06
31419,659820.06
31420,888186.0
31421,554637.25
31422,569427.75
31423,906278.5
31424,2.8193128e+06
31425,526625.44
31426,546112.3
31427,623484.3
31428,497986.38
31429,926089.8
31430,591704.25
31431,544695.44
31432,486112.9
31433,520837.16
31434,444763.62
31435,993591.06
31436,695883.56
31437,1.0766134e+06
31438,564164.0
31439,1.6240174e+06
31440,579950.4
31441,569163.9
31442,1.1628884e+06
31443,1.0966736e+06
31444,584157.94
31445,523094.12
31446,963219.9
31447,533753.75
31448,933589.1
31449,720284.5
31450,566418.0
31451,907604.4
31452,1.0320821e+06
31453,439719.9
31454,463119.25
31455,608636.0
31456,474538.8
31457,812582.56
31458,1.4009412e+06
31459,497841.53
31460,474009.62
31461,533633.1
31462,473137.5
31463,537719.44
31464,539568.25
31465,511066.8
31466,2.1878672e+06
31467,441904.28
31468,928351.75
31469,681407.44
31470,623282.8
31471,956640.5
31472,415696.3
31473,624230.44
31474,768926.2
31475,515013.28
31476,1.5394565e+06
31477,592814.1
31478,522404.66
31479,581126.3
31480,526191.75
31481,721617.6
31482,1.097565e+06
31483,522797.38
31484,863526.75
31485,554133.94
31486,426217.56
31487,526849.0
31488,958711.9
31489,876271.7
31490,441447.7
31491,541785.94
31492,909843.75
31493,1.0662381e+06
31494,557921.6
31495,534317.0
31496,629931.44
31497,447048.5
31498,531500.44
31499,994821.8
31500,711759.2
31501,565378.56
31502,589276.0
31503,534838.06
31504,630358.7
31505,993534.25
31506,677500.1
31507,552345.8
31508,797323.44
31509,527464.9
31510,556612.6
31511,612567.8
31512,1.0275301e+06
31513,1.7788608e+06
31514,1.0198916e+06
31515,510941.06
31516,1.1136526e+06
31517,440299.84
31518,607206.94
31519,574748.8
31520,559752.8
31521,514820.78
31522,532131.4
31523,613993.1
31524,747766.25
31525,1.2092541e+06
31526,661072.9
31527,1.1560151e+06
31528,517908.38
31529,504245.88
31530,918640.2
31531,512154.84
31532,522674.75
31533,1.0453939e+06
31534,600633.75
31535,601739.7
31536,1.0505469e+06
31537,487540.06
31538,615028.7
31539,569083.0
31540,576024.06
31541,416357.3
31542,426444.0
31543,430262.34
31544,474538.8
31545,647367.25
31546,1.0784991e+06
31547,586089.75
31548,443784.47
31549,524902.1
31550,523449.44
31551,557540.25
31552,549214.2
31553,588910.25
31554,605807.75
31555,661989.56
31556,538699.3
31557,572484.6
31558,900441.75
31559,419205.66
31560,538699.3
31561,1.1391504e+06
31562,2.0609266e+06
31563,406770.94
31564,760633.5
31565,540688.56
31566,569897.7
31567,944739.94
31568,921806.56
31569,509327.34
31570,980146.94
31571,524063.8
31572,448307.12
31573,505558.47
31574,1.2294855e+06
31575,577380.4
31576,1.1034255e+06
31577,661018.6
31578,627770.0
31579,488887.5
31580,549163.44
31581,563116.4
31582,559122.2
31583,1.1121859e+06
31584,570501.3
31585,507664.97
31586,1.0661995e+06
31587,1.2176418e+06
31588,621897.0
31589,470290.34
31590,687825.44
31591,655925.9
31592,1.02111694e+06
31593,720135.44
31594,578691.25
31595,570275.56
31596,575452.5
31597,542858.1
31598,553573.5
31599,1.066585e+06
31600,573948.56
31601,1.1213504e+06
31602,657590.6
31603,634810.9
31604,381019.28
31605,474009.62
31606,756513.56
31607,729728.44
31608,659309.3
31609,559851.06
31610,719503.9
31611,475400.8
31612,543531.06
31613,462578.97
31614,1.0905244e+06
31615,574752.7
31616,595306.3
31617,560048.6
31618,658940.4
31619,716049.75
31620,517053.62
31621,584343.44
31622,1.4626592e+06
31623,485802.84
31624,508703.06
31625,1.2068014e+06
31626,554119.6
31627,639969.8
31628,901727.3
31629,980796.8
31630,477464.97
31631,847687.56
31632,1.1207271e+06
31633,531412.75
31634,712691.06
31635,1.0573889e+06
31636,539870.4
31637,495450.62
31638,510298.75
31639,440717.44
31640,1.2160159e+06
31641,466374.25
31642,539877.06
31643,744975.3
31644,774911.9
31645,475486.5
31646,907744.6
31647,521132.78
31648,934406.8
31649,528763.75
31650,541320.6
31651,947649.2
31652,536878.6
31653,548271.7
31654,590417.9
31655,459346.53
31656,1.4928795e+06
31657,595266.0
31658,666778.3
31659,540673.1
31660,505716.16
31661,519004.06
31662,823446.4
31663,443276.9
31664,587475.4
31665,419289.62
31666,512197.34
31667,696669.06
31668,563908.5
31669,934912.25
31670,813648.8
31671,554657.3
31672,537976.94
31673,539030.25
31674,600834.25
31675,1.129279e+06
31676,570964.5
31677,462352.28
31678,778397.5
31679,587411.5
31680,509433.72
31681,941424.8
31682,576995.56
31683,508507.6
31684,657695.4
31685,431539.12
31686,981663.3
31687,502340.34
31688,636280.7
31689,468347.4
31690,539686.06
31691,465856.38
31692,525529.75
31693,553877.7
31694,937721.44
31695,822528.06
31696,424756.75
31697,518475.22
31698,422816.4
31699,518325.44
31700,547696.3
31701,980064.7
31702,573248.94
31703,560993.75
31704,541432.7
31705,1.1974111e+06
31706,559441.2
31707,1.067399e+06
31708,602770.1
31709,554953.6
31710,1.1831516e+06
31711,541674.4
31712,693546.1
31713,578138.5
31714,461581.28
31715,525932.9
31716,508934.53
31717,971989.94
31718,471440.8
31719,531558.75
31720,575705.56
31721,457416.97
31722,744975.3
31723,572733.06
31724,575573.8
31725,503703.22
31726,947782.94
31727,565055.7
31728,573205.2
31729,595132.06
31730,478174.03
31731,1.0069239e+06
31732,1.0283369e+06
31733,452992.47
31734,631395.3
31735,582367.94
31736,582697.4
31737,492625.6
31738,746198.3
31739,566782.75
31740,613806.4
31741,1.5169429e+06
31742,1.1224535e+06
31743,1.1350264e+06
31744,463095.4
31745,471469.12
31746,631632.6
31747,591751.6
31748,1.493365e+06
31749,489286.3
31750,593606.7
31751,485502.25
31752,442177.88
31753,435234.94
31754,1.0983985e+06
31755,1.2241188e+06
31756,384558.84
31757,550379.25
31758,565878.6
31759,466597.56
31760,445830.84
31761,1.2342481e+06
31762,452777.8
31763,1.0882502e+06
31764,486990.34
31765,440703.56
31766,1.0810126e+06
31767,441203.16
31768,1.04275125e+06
31769,1.1263041e+06
31770,460481.66
31771,440367.88
31772,577290.06
31773,541659.4
31774,615839.25
31775,1.5710221e+06
31776,414901.8
31777,643791.44
31778,1.3834094e+06
31779,687619.5
31780,1.0172699e+06
31781,553696.0
31782,511713.0
31783,455456.84
31784,553626.8
31785,474324.34
31786,482417.34
31787,516918.53
31788,458093.2
31789,445333.66
31790,446013.28
31791,1.5474462e+06
31792,511048.78
31793,574865.56
31794,746214.7
31795,533765.44
31796,602047.94
31797,1.2646615e+06
31798,657377.44
31799,570512.7
31800,544497.56
31801,418276.0
31802,638273.5
31803,577606.7
31804,516165.8
31805,423821.25
31806,610127.25
31807,568303.1
31808,581370.2
31809,520395.28
31810,477698.16
31811,917705.9
31812,548144.7
31813,576293.9
31814,571057.6
31815,633929.44
31816,513032.3
31817,417137.1
31818,595751.0
31819,804620.56
31820,1.1776424e+06
31821,735510.75
31822,582397.94
31823,462717.97
31824,470422.22
31825,456225.0
31826,552234.2
31827,586363.75
31828,565012.56
31829,621162.0
31830,574076.1
31831,467606.1
31832,1.187643e+06
31833,942576.5
31834,856758.5
31835,473016.12
31836,591263.1
31837,442262.22
31838,605432.9
31839,487258.4
31840,628249.1
31841,517331.8
31842,511115.06
31843,430262.34
31844,762722.6
31845,605316.3
31846,481320.4
31847,529675.25
31848,603966.94
31849,614366.25
31850,506363.3
31851,1.0192062e+06
31852,937721.44
31853,696159.0
31854,506928.62
31855,539412.3
31856,618849.5
31857,1.1437691e+06
31858,681495.8
31859,1.6554735e+06
31860,610243.06
31861,1.1030068e+06
31862,699424.44
31863,683384.56
31864,455822.28
31865,439182.62
31866,465240.12
31867,561496.9
31868,521789.75
31869,620044.56
31870,475678.8
31871,463891.5
31872,869414.3
31873,910949.9
31874,582924.7
31875,691744.8
31876,515983.22
31877,1.4386115e+06
31878,422551.56
31879,870338.44
31880,1.1362415e+06
31881,476118.12
31882,1.0541236e+06
31883,516559.28
31884,509032.6
31885,564443.3
31886,635161.5
31887,1.1982781e+06
31888,563839.1
31889,990687.25
31890,745802.75
31891,439616.34
31892,446083.47
31893,1.192612e+06
31894,624770.0
31895,522464.94
31896,446074.1
31897,434548.12
31898,570501.3
31899,436484.44
31900,524190.28
31901,661747.2
31902,867685.6
31903,517324.4
31904,446477.56
31905,984829.0
31906,661477.1
31907,442782.56
31908,477017.12
31909,611698.56
31910,488939.75
31911,444763.62
31912,933300.7
31913,472094.53
31914,456669.44
31915,1.1459605e+06
31916,419289.62
31917,488157.47
31918,434695.66
31919,733681.56
31920,445224.1
31921,433235.56
31922,502378.2
31923,1.1417976e+06
31924,1.5399292e+06
31925,443888.62
31926,928631.56
31927,665993.44
31928,864227.0
31929,1.2020014e+06
31930,1.04634044e+06
31931,468187.06
31932,698003.1
31933,470321.28
31934,515957.16
31935,548720.0
31936,461192.75
31937,528415.44
31938,554370.2
31939,430534.88
31940,1.1476742e+06
31941,2.1194012e+06
31942,569020.6
31943,598593.44
31944,732254.9
31945,466521.03
31946,1.1573024e+06
31947,1.1329682e+06
31948,539203.5
31949,579299.75
31950,1.1833061e+06
31951,533449.94
31952,549026.75
31953,569083.0
31954,825616.7
31955,560016.06
31956,688463.3
31957,512877.25
31958,506772.03
31959,1.2147942e+06
31960,614941.3
31961,914712.4
31962,545485.1
31963,411710.72
31964,563359.7
31965,523300.7
31966,982890.5
31967,1.02100694e+06
31968,893905.75
31969,1.5782258e+06
31970,559463.56
31971,490878.7
31972,516053.6
31973,503148.22
31974,1.04679356e+06
31975,472725.28
31976,415670.16
31977,1.158168e+06
31978,681958.06
31979,529169.9
31980,659075.5
31981,589005.2
31982,599671.06
31983,822624.56
31984,565405.56
31985,470752.53
31986,451381.38
31987,705835.06
31988,604519.56
31989,1.149815e+06
31990,477251.0
31991,706021.56
31992,507409.88
31993,1.1922834e+06
31994,729841.2
31995,465700.44
31996,1.0746756e+06
31997,524257.28
31998,443342.0
31999,547371.0
32000,1.0241754e+06
32001,2.26857e+06
32002,1.1349409e+06
32003,862772.7
32004,896058.3
32005,467490.62
32006,979965.6
32007,607009.5
32008,545652.6
32009,437861.94
32010,694260.2
32011,678629.2
32012,393355.28
32013,539993.44
32014,523931.88
32015,457151.38
32016,724339.06
32017,1.1122209e+06
32018,864682.06
32019,510401.94
32020,517974.1
32021,857164.7
32022,517673.84
32023,475316.03
32024,797674.8
32025,564397.06
32026,568257.06
32027,605348.6
32028,521392.78
32029,1.5111412e+06
32030,414903.78
32031,442726.4
32032,607484.94
32033,541006.3
32034,440971.38
32035,586062.94
32036,530693.6
32037,962238.4
32038,589909.7
32039,909973.06
32040,1.0437044e+06
32041,474575.9
32042,498969.0
32043,2.3844142e+06
32044,417994.88
32045,441488.94
32046,516642.56
32047,1.0719712e+06
32048,517653.6
32049,748409.75
32050,1.2650234e+06
32051,897722.0
32052,932258.1
32053,1.0734505e+06
32054,539579.56
32055,635050.7
32056,1.151405e+06
32057,590500.7
32058,428687.1
32059,474933.6
32060,536855.56
32061,1.1024336e+06
32062,710653.6
32063,495628.78
32064,1.0812498e+06
32065,701326.7
32066,542657.25
32067,483216.22
32068,466969.28
32069,460609.9
32070,1.1852985e+06
32071,506362.84
32072,470018.16
32073,451684.53
32074,619086.2
32075,741571.44
32076,954686.44
32077,1.0627885e+06
32078,462348.3
32079,557708.8
32080,538283.9
32081,1.9405329e+06
32082,516383.94
32083,511019.53
32084,524808.0
32085,1.0947948e+06
32086,609366.06
32087,498278.53
32088,1.857203e+06
32089,545462.2
32090,1.0822908e+06
32091,877478.4
32092,619086.2
32093,499114.16
32094,592577.8
32095,569103.1
32096,768363.2
32097,1.2317165e+06
32098,557673.2
32099,587850.3
32100,709190.56
32101,485862.16
32102,643466.7
32103,481100.56
32104,611500.25
32105,858364.7
32106,712801.2
32107,617335.2
32108,441960.3
32109,497958.84
32110,463003.56
32111,1.146424e+06
32112,1.7163105e+06
32113,696143.06
32114,650862.4
32115,538178.1
32116,613448.25
32117,1.1390765e+06
32118,664035.7
32119,781598.3
32120,1.2116841e+06
32121,434551.44
32122,621725.0
32123,1.9672514e+06
32124,1.6162625e+06
32125,995499.44
32126,581522.1
32127,861248.56
32128,506908.3
32129,448526.06
32130,542646.44
32131,1.121544e+06
32132,394366.84
32133,457376.4
32134,506179.84
32135,554018.75
32136,909028.5
32137,589877.06
32138,498412.56
32139,595453.4
32140,509660.66
32141,432854.78
32142,439951.88
32143,581937.7
32144,408768.25
32145,2.245907e+06
32146,775881.3
32147,546480.7
32148,680099.94
32149,547497.9
32150,577023.1
32151,612477.9
32152,608130.06
32153,1.032597e+06
32154,458232.56
32155,652019.1
32156,542510.8
32157,1.2674192e+06
32158,993427.2
32159,1.1754756e+06
32160,695914.06
32161,619043.7
32162,1.1189789e+06
32163,572490.6
32164,819877.9
32165,724846.94
32166,607094.56
32167,906236.1
32168,627322.94
32169,520148.2
32170,600936.8
32171,590343.0
32172,616859.6
32173,574066.8
32174,886366.7
32175,1.9951501e+06
32176,502902.12
32177,515343.9
32178,545711.44
32179,698701.75
32180,596134.06
32181,670583.5
32182,562370.4
32183,562195.06
32184,1.2506134e+06
32185,448331.5
32186,445035.2
32187,437604.78
32188,550088.56
32189,506179.84
32190,581472.75
32191,455737.97
32192,1.5974935e+06
32193,635120.3
32194,462932.03
32195,1.2064504e+06
32196,3.0938885e+06
32197,530038.06
32198,1.0289598e+06
32199,526895.75
32200,1.187344e+06
32201,1.0132343e+06
32202,445249.16
32203,487294.62
32204,469409.84
32205,1.167137e+06
32206,918532.44
32207,882380.75
32208,530592.4
32209,582374.6
32210,569330.0
32211,2.116743e+06
32212,539831.25
32213,683342.2
32214,1.0274674e+06
32215,446447.78
32216,528854.06
32217,557102.3
32218,654426.9
32219,671303.4
32220,519178.3
32221,527314.0
32222,551693.06
32223,642064.2
32224,559781.7
32225,510117.28
32226,584589.25
32227,1.8771052e+06
32228,1.0918106e+06
32229,847795.9
32230,488362.8
32231,1.1817454e+06
32232,437793.03
32233,556157.4
32234,1.1289969e+06
32235,1.3563724e+06
32236,527134.0
32237,1.7705186e+06
32238,526050.25
32239,1.2470844e+06
32240,445402.47
32241,607316.94
32242,554629.3
32243,615182.4
32244,521924.6
32245,601011.94
32246,626546.3
32247,996701.1
32248,733533.25
32249,748399.75
32250,495584.8
32251,522013.72
32252,503629.25
32253,561158.56
32254,1.9438799e+06
32255,553365.0
32256,550004.6
32257,474764.7
32258,532139.5
32259,739756.8
32260,1.1190226e+06
32261,1.4844889e+06
32262,1.00498406e+06
32263,541856.25
32264,525635.5
32265,1.2182829e+06
32266,522277.12
32267,509557.16
32268,456304.62
32269,549758.2
32270,1.1996628e+06
32271,523863.44
32272,425823.84
32273,857869.6
32274,470442.4
32275,610044.6
32276,615855.06
32277,1.0883581e+06
32278,562677.8
32279,357605.84
32280,518156.88
32281,541459.5
32282,1.0883581e+06
32283,729841.2
32284,513162.5
32285,610844.56
32286,1.11641e+06
32287,457834.62
32288,556631.25
32289,517787.88
32290,661385.0
32291,417105.66
32292,713263.56
32293,444828.53
32294,653330.0
32295,549322.6
32296,595320.5
32297,995199.44
32298,1.1297864e+06
32299,457549.6
32300,987948.3
32301,1.1355818e+06
32302,856593.44
32303,588439.8
32304,469917.78
32305,502074.06
32306,563402.1
32307,1.149793e+06
32308,525708.7
32309,531345.9
32310,564553.7
32311,579297.0
32312,479924.25
32313,496361.97
32314,514955.3
32315,1.1911286e+06
32316,607425.9
32317,1.1139256e+06
32318,803425.94
32319,565631.0
32320,711605.1
32321,689957.3
32322,521199.4
32323,1.0722524e+06
32324,527755.7
32325,461487.53
32326,674256.7
32327,519848.66
32328,1.1058675e+06
32329,437734.2
32330,539075.5
32331,552287.4
32332,567094.2
32333,1.04208125e+06
32334,508527.47
32335,630545.06
32336,659006.3
32337,530049.2
32338,467043.66
32339,600498.0
32340,548502.3
32341,524464.3
32342,537509.25
32343,501787.8
32344,472067.06
32345,543345.5
32346,944418.4
32347,543270.9
32348,624168.5
32349,1.1411304e+06
32350,927644.6
32351,471434.97
32352,587241.2
32353,532350.1
32354,983491.5
32355,449444.97
32356,506333.38
32357,583760.3
32358,588995.6
32359,949404.94
32360,523241.3
32361,636786.4
32362,707693.4
32363,566136.6
32364,508349.03
32365,555280.25
32366,567959.06
32367,644574.7
32368,499466.5
32369,909200.2
32370,564974.9
32371,610325.7
32372,694894.06
32373,593415.4
32374,1.2512265e+06
32375,536942.06
32376,586997.6
32377,446220.03
32378,574695.1
32379,525208.06
32380,565683.3
32381,583362.4
32382,1.2374409e+06
32383,1.0625798e+06
32384,589253.5
32385,595347.2
32386,538302.8
32387,561406.94
32388,464810.38
32389,960491.8
32390,605436.4
32391,729841.2
32392,463151.06
32393,640358.06
32394,603901.9
32395,469917.78
32396,460671.84
32397,729841.2
32398,603695.2
32399,840306.6
32400,567614.7
32401,821425.1
32402,463786.66
32403,1.1658142e+06
32404,523758.03
32405,909588.7
32406,982248.6
32407,541773.56
32408,527142.0
32409,1.1687164e+06
32410,550324.2
32411,639418.3
32412,575666.56
32413,1.1565268e+06
32414,1.0559881e+06
32415,652732.75
32416,714421.56
32417,514415.38
32418,542056.75
32419,552947.2
32420,565254.06
32421,402076.4
32422,522536.2
32423,549179.1
32424,517672.34
32425,579386.5
32426,1.1304288e+06
32427,1.0357175e+06
32428,515041.25
32429,519499.25
32430,446473.75
32431,697661.75
32432,591418.75
32433,442098.2
32434,919005.6
32435,571660.25
32436,583865.5
32437,809053.44
32438,508575.0
32439,423405.12
32440,478553.12
32441,402963.53
32442,585523.3
32443,789921.4
32444,460750.94
32445,545941.0
32446,664602.7
32447,1.1521002e+06
32448,446041.78
32449,1.0591278e+06
32450,567109.3
32451,1.0726901e+06
32452,484027.03
32453,516873.2
32454,524048.3
32455,1.0941288e+06
32456,498494.3
32457,543345.5
32458,611442.5
32459,702153.2
32460,830554.8
32461,953008.1
32462,1.9271362e+06
32463,520966.8
32464,958294.1
32465,483331.9
32466,867881.75
32467,496392.25
32468,616960.25
32469,1.112573e+06
32470,1.1003392e+06
32471,1.8135168e+06
32472,561795.75
32473,552761.6
32474,511368.6
32475,821236.4
32476,490701.75
32477,505627.9
32478,694160.9
32479,469801.28
32480,503093.53
32481,523007.84
32482,577667.3
32483,777773.44
32484,1.0946631e+06
32485,978045.06
32486,540965.56
32487,722260.0
32488,1.1807901e+06
32489,852477.94
32490,540996.0
32491,569489.1
32492,703254.25
32493,579696.0
32494,540682.94
32495,676851.75
32496,587862.06
32497,559935.44
32498,1.0528478e+06
32499,937788.5
32500,604015.4
32501,678570.3
32502,543754.5
32503,690140.25
32504,506926.22
32505,655756.4
32506,575456.9
32507,467236.56
32508,866413.06
32509,503334.9
32510,1.1605761e+06
32511,431902.25
32512,423161.72
32513,615939.06
32514,695590.25
32515,692959.7
32516,894322.7
32517,1.0824084e+06
32518,409224.6
32519,451381.38
32520,394366.84
32521,574135.25
32522,541102.8
32523,825810.4
32524,495332.03
32525,503748.38
32526,724861.5
32527,806186.75
32528,441568.94
32529,665413.2
32530,553426.25
32531,711414.44
32532,1.2511538e+06
32533,847628.5
32534,521986.34
32535,653995.75
32536,1.2678266e+06
32537,493717.7
32538,444894.72
32539,473355.03
32540,552615.06
32541,481593.6
32542,569022.8
32543,827533.75
32544,469608.2
32545,523773.03
32546,1.2776314e+06
32547,533154.44
32548,466423.6
32549,427685.0
32550,548435.4
32551,504288.2
32552,617212.7
32553,557270.2
32554,1.1760756e+06
32555,1.0064592e+06
32556,895475.75
32557,505846.38
32558,508057.28
32559,514552.28
32560,553488.5
32561,540048.0
32562,600005.1
32563,478851.7
32564,515141.47
32565,700797.2
32566,448870.97
32567,493510.56
32568,608780.56
32569,698458.6
32570,492978.06
32571,583548.75
32572,678989.1
32573,657075.4
32574,1.0635641e+06
32575,716226.0
32576,635948.9
32577,511965.38
32578,504329.06
32579,903257.6
32580,522303.53
32581,524206.28
32582,775370.2
32583,989169.2
32584,615025.2
32585,412076.8
32586,670846.4
32587,558607.9
32588,517085.7
32589,449899.97
32590,714827.06
32591,601883.75
32592,467261.5
32593,475280.22
32594,517802.7
32595,493717.7
32596,686613.0
32597,876629.4
32598,536457.9
32599,783677.0
32600,596080.6
32601,475442.53
32602,517619.03
32603,585803.1
32604,527407.0
32605,604667.75
32606,512228.12
32607,905774.75
32608,733144.4
32609,1.0557092e+06
32610,570375.06
32611,520014.78
32612,444575.78
32613,551519.44
32614,1.1921049e+06
32615,432099.2
32616,612709.2
32617,732592.94
32618,490093.75
32619,471772.28
32620,621164.94
32621,552407.5
32622,1.2474651e+06
32623,450519.1
32624,824548.9
32625,597687.0
32626,548825.2
32627,598106.7
32628,935617.75
32629,627779.6
32630,552109.4
32631,437734.2
32632,447913.53
32633,561132.3
32634,528028.06
32635,1.1563668e+06
32636,528345.4
32637,667515.75
32638,696948.9
32639,1.3502214e+06
32640,568256.5
32641,523794.0
32642,584165.75
32643,631049.8
32644,426636.03
32645,513555.62
32646,1.148018e+06
32647,1.1489228e+06
32648,552925.56
32649,533206.3
32650,564095.1
32651,410501.97
32652,625423.94
32653,1.0907814e+06
32654,536754.7
32655,1.0819059e+06
32656,476460.16
32657,549973.7
32658,459424.53
32659,465630.28
32660,981761.6
32661,531776.25
32662,915641.9
32663,1.1614032e+06
32664,1.1810671e+06
32665,1.093336e+06
32666,585069.5
32667,596254.6
32668,539863.2
32669,967774.94
32670,542230.5
32671,467350.62
32672,475152.88
32673,873544.94
32674,563790.2
32675,649182.4
32676,654840.2
32677,518157.38
32678,1.055059e+06
32679,506610.12
32680,1.165682e+06
32681,819960.75
32682,643865.7
32683,1.192355e+06
32684,1.0844366e+06
32685,569558.1
32686,612091.9
32687,528875.25
32688,558974.0
32689,910026.0
32690,1.1432511e+06
32691,531412.75
32692,886953.56
32693,570066.75
32694,1.1176276e+06
32695,836617.2
32696,452825.3
32697,534508.6
32698,550631.8
32699,527988.75
32700,1.0536171e+06
32701,1.208386e+06
32702,733945.4
32703,518955.06
32704,1.1670145e+06
32705,1.0853202e+06
32706,845452.0
32707,610719.9
32708,570135.25
32709,531620.56
32710,1.1436929e+06
32711,544722.5
32712,1.0775522e+06
32713,554233.8
32714,502714.16
32715,432760.28
32716,528194.25
32717,562901.06
32718,662887.9
32719,542825.5
32720,493040.6
32721,1.1427509e+06
32722,719573.9
32723,467309.62
32724,502608.22
32725,1.2049694e+06
32726,519856.1
32727,500699.8
32728,1.0455753e+06
32729,558224.44
32730,1.1161002e+06
32731,805697.9
32732,494749.94
32733,518270.06
32734,926008.56
32735,524743.44
32736,456834.97
32737,550611.8
32738,568857.8
32739,3.000579e+06
32740,833944.7
32741,552924.0
32742,858361.44
32743,802311.9
32744,1.5639365e+06
32745,542495.3
32746,1.1901056e+06
32747,562113.0
32748,468701.72
32749,505846.38
32750,1.094444e+06
32751,579932.1
32752,1.7369046e+06
32753,559290.2
32754,896441.25
32755,842981.1
32756,555999.4
32757,1.1890891e+06
32758,540441.6
32759,540499.4
32760,499137.47
32761,541922.4
32762,593978.2
32763,539837.44
32764,547779.9
32765,604667.75
32766,538811.3
32767,517099.0
32768,578195.3
32769,660979.56
32770,472498.56
32771,1.1926131e+06
32772,1.5276861e+06
32773,519203.56
32774,578583.06
32775,554670.56
32776,520842.12
32777,534564.2
32778,545545.44
32779,456834.97
32780,554516.6
32781,1.1111405e+06
32782,463425.88
32783,450522.1
32784,1.1684144e+06
32785,996329.5
32786,598600.8
32787,938096.2
32788,487666.56
32789,529982.0
32790,545930.56
32791,670846.4
32792,520985.72
32793,1.1981616e+06
32794,413897.6
32795,480813.44
32796,822401.0
32797,506883.2
32798,562777.06
32799,1.1976726e+06
32800,442418.3
32801,574244.75
32802,720206.9
32803,539091.94
32804,562499.1
32805,1.2636922e+06
32806,453069.8
32807,512344.38
32808,545163.7
32809,1.0116016e+06
32810,532441.0
32811,574606.9
32812,479779.62
32813,532440.0
32814,452116.34
32815,548289.5
32816,446447.78
32817,559599.6
32818,715488.7
32819,728950.8
32820,436204.78
32821,1.1585558e+06
32822,531264.3
32823,967891.2
32824,1.0512334e+06
32825,540144.9
32826,896248.06
32827,924252.8
32828,577421.6
32829,572867.44
32830,569790.6
32831,559900.75
32832,432714.88
32833,1.1245589e+06
32834,699229.7
32835,454407.78
32836,504136.22
32837,525679.1
32838,433199.22
32839,2.258362e+06
32840,528418.44
32841,492454.62
32842,634795.1
32843,578055.25
32844,568646.8
32845,923160.5
32846,622027.5
32847,463612.88
32848,677234.0
32849,457218.53
32850,585061.1
32851,586357.0
32852,442331.8
32853,478955.8
32854,513750.6
32855,537665.1
32856,533160.5
32857,637749.0
32858,465272.5
32859,581696.9
32860,712331.6
32861,516773.62
32862,622067.8
32863,519707.38
32864,455207.16
32865,1.1059191e+06
32866,495654.3
32867,492573.9
32868,607063.9
32869,693480.6
32870,576679.8
32871,830844.75
32872,921703.7
32873,534784.5
32874,548363.75
32875,809408.44
32876,504811.7
32877,1.1745736e+06
32878,587835.1
32879,440579.16
32880,483857.66
32881,519928.5
32882,729360.44
32883,548289.5
32884,857652.8
32885,648674.94
32886,524354.75
32887,663967.94
32888,1.1770619e+06
32889,511169.16
32890,602878.75
32891,655160.6
32892,536826.9
32893,1.1626521e+06
32894,553245.75
32895,601402.94
32896,402437.38
32897,634588.1
32898,1.2378659e+06
32899,859833.75
32900,460121.25
32901,454282.56
32902,617291.6
32903,591746.0
32904,1.1999684e+06
32905,539508.56
32906,540735.0
32907,480548.47
32908,676051.2
32909,475054.56
32910,745828.3
32911,545057.6
32912,1.1895621e+06
32913,859070.6
32914,515171.44
32915,924395.6
32916,979136.06
32917,503453.5
32918,1.0077789e+06
32919,1.1409835e+06
32920,519226.34
32921,582907.44
32922,541985.94
32923,545626.1
32924,466215.94
32925,532668.06
32926,480822.16
32927,836392.25
32928,573672.75
32929,910889.94
32930,535696.6
32931,820317.44
32932,559843.06
32933,518672.56
32934,517748.38
32935,1.0760324e+06
32936,556304.3
32937,487667.97
32938,879170.4
32939,508911.72
32940,610576.06
32941,3.9513178e+06
32942,676751.75
32943,515961.6
32944,717237.6
32945,542223.75
32946,546291.5
32947,1.02682775e+06
32948,588682.25
32949,537133.1
32950,427358.8
32951,615370.75
32952,617115.6
32953,474793.66
32954,623661.56
32955,940643.1
32956,552130.44
32957,802624.9
32958,843191.75
32959,1.064248e+06
32960,556313.9
32961,691246.9
32962,535514.8
32963,565723.25
32964,447120.56
32965,589264.2
32966,487662.84
32967,588058.9
32968,574236.0
32969,534690.1
32970,563898.8
32971,551945.1
32972,493038.72
32973,562160.75
32974,1.2195115e+06
32975,1.1742342e+06
32976,553442.56
32977,602324.2
32978,560954.1
32979,540051.6
32980,522150.62
32981,441766.5
32982,561110.4
32983,540807.7
32984,489158.0
32985,532818.44
32986,642028.7
32987,1.3907909e+06
32988,560351.56
32989,508061.62
32990,530237.3
32991,486830.6
32992,510238.9
32993,531710.8
32994,465279.16
32995,570364.2
32996,856745.44
32997,698830.4
32998,1.076211e+06
32999,443108.25
33000,541820.56
33001,565962.3
33002,566316.44
33003,494256.62
33004,569964.56
33005,1.1978416e+06
33006,1.2469131e+06
33007,549841.0
33008,478723.38
33009,576240.56
33010,559409.1
33011,496648.9
33012,512024.44
33013,542811.0
33014,661648.75
33015,480416.5
33016,513980.9
33017,489908.25
33018,536953.4
33019,655160.6
33020,473198.88
33021,1.04468825e+06
33022,607377.2
33023,658998.2
33024,2.4281985e+06
33025,446389.44
33026,516198.8
33027,593257.5
33028,491980.03
33029,477448.56
33030,1.1123779e+06
33031,478270.25
33032,812830.6
33033,581128.5
33034,455124.7
33035,489879.75
33036,521589.22
33037,543354.8
33038,554429.4
33039,1.16261e+06
33040,1.0283467e+06
33041,613271.0
33042,1.04734475e+06
33043,524790.5
33044,555911.3
33045,612705.1
33046,1.177393e+06
33047,565485.4
33048,799797.0
33049,1.5601765e+06
33050,625895.94
33051,551857.25
33052,914427.2
33053,606820.25
33054,467267.3
33055,1.1415701e+06
33056,520920.62
33057,1.1353068e+06
33058,559679.7
33059,686366.8
33060,427603.84
33061,495043.97
33062,546268.06
33063,969413.6
33064,483578.1
33065,693771.7
33066,628603.94
33067,560430.7
33068,459218.66
33069,1.2350876e+06
33070,1.452401e+06
33071,1.0874504e+06
33072,537549.75
33073,468530.56
33074,1.0272362e+06
33075,739667.25
33076,1.1287784e+06
33077,565570.56
33078,731378.25
33079,1.2254726e+06
33080,557124.06
33081,1.1880066e+06
33082,1.2352101e+06
33083,549246.7
33084,496494.53
33085,529905.7
33086,636856.8
33087,533958.9
33088,483591.94
33089,878322.3
33090,510792.47
33091,496751.7
33092,558535.44
33093,1.5255139e+06
33094,469608.2
33095,515095.78
33096,1.1271885e+06
33097,509978.16
33098,513654.06
33099,562199.9
33100,736771.56
33101,528745.6
33102,541831.94
33103,446020.1
33104,431242.1
33105,1.1913661e+06
33106,481085.88
33107,447254.47
33108,1.1836064e+06
33109,582134.7
33110,590634.75
33111,545463.75
33112,576642.94
33113,560485.7
33114,533779.2
33115,1.1262042e+06
33116,532117.2
33117,525689.6
33118,974351.0
33119,1.0624622e+06
33120,433459.56
33121,534381.75
33122,435274.38
33123,2.555694e+06
33124,446633.03
33125,577121.06
33126,527152.06
33127,545310.3
33128,865749.0
33129,1.2245695e+06
33130,924222.9
33131,1.02200256e+06
33132,511403.7
33133,1.8058212e+06
33134,616663.2
33135,1.18305e+06
33136,1.1601468e+06
33137,460271.34
33138,1.2439592e+06
33139,442066.97
33140,546131.06
33141,462529.12
33142,574045.44
33143,567312.2
33144,518157.38
33145,732196.2
33146,540470.5
33147,473229.1
33148,491752.06
33149,1.1870961e+06
33150,554609.75
33151,559744.8
33152,1.4889522e+06
33153,1.0708452e+06
33154,803535.5
33155,1.2320278e+06
33156,621916.56
33157,492191.22
33158,964407.44
33159,495122.8
33160,517709.38
33161,549542.2
33162,557096.44
33163,433821.0
33164,558500.8
33165,830665.7
33166,555609.75
33167,514317.28
33168,626856.5
33169,519815.44
33170,549477.75
33171,459546.78
33172,1.2012508e+06
33173,478560.44
33174,542990.1
33175,455795.78
33176,567867.56
33177,596421.8
33178,460869.16
33179,1.0789168e+06
33180,465040.06
33181,693953.0
33182,530512.44
33183,488126.28
33184,694690.0
33185,487329.5
33186,502448.62
33187,545618.8
33188,501012.7
33189,1.1816575e+06
33190,575558.44
33191,1.02688944e+06
33192,695517.94
33193,727878.25
33194,576642.94
33195,572298.44
33196,496275.8
33197,608181.7
33198,517671.38
33199,1.0622646e+06
33200,452904.78
33201,564024.7
33202,1.12904e+06
33203,1.1363552e+06
33204,563644.5
33205,684544.3
33206,577815.5
33207,1.1372561e+06
33208,1.1514686e+06
33209,687615.56
33210,414506.3
33211,569762.94
33212,550478.5
33213,501418.03
33214,471821.78
33215,532086.7
33216,460392.97
33217,586449.3
33218,510082.72
33219,455795.78
33220,729360.44
33221,450238.2
33222,524364.25
33223,398041.4
33224,585725.44
33225,583395.75
33226,533261.7
33227,450447.34
33228,620223.75
33229,638022.2
33230,572180.06
33231,502459.16
33232,684859.0
33233,736364.2
33234,1.1780254e+06
33235,1.0844449e+06
33236,608456.1
33237,1.2932441e+06
33238,693089.25
33239,553057.94
33240,467413.5
33241,737913.56
33242,505463.0
33243,526685.25
33244,1.0973462e+06
33245,462363.3
33246,565852.2
33247,493541.62
33248,1.1150704e+06
33249,1.5693241e+06
33250,869375.4
33251,1.1235984e+06
33252,1.0772604e+06
33253,490827.66
33254,536350.44
33255,617115.6
33256,1.1457649e+06
33257,550670.6
33258,1.5518488e+06
33259,502971.2
33260,493444.22
33261,906256.9
33262,635021.6
33263,742557.94
33264,617783.94
33265,1.1510492e+06
33266,567295.94
33267,797401.0
33268,461135.6
33269,580367.5
33270,422181.78
33271,471439.9
33272,543948.5
33273,579211.4
33274,499203.2
33275,627681.44
33276,678026.94
33277,546293.06
33278,380134.06
33279,581878.3
33280,518678.97
33281,546097.2
33282,724738.44
33283,1.0775039e+06
33284,575728.06
33285,1.126852e+06
33286,554247.56
33287,524761.0
33288,1.1503184e+06
33289,530665.75
33290,565529.06
33291,500723.7
33292,1.189688e+06
33293,581838.3
33294,551355.9
33295,509623.72
33296,489339.5
33297,548625.8
33298,526318.2
33299,1.2717271e+06
33300,494101.6
33301,1.0266652e+06
33302,508784.6
33303,853601.44
33304,974299.9
33305,584296.6
33306,545135.1
33307,529641.44
33308,1.0773836e+06
33309,552366.94
33310,1.0299897e+06
33311,605040.44
33312,495780.53
33313,682451.9
33314,1.0798669e+06
33315,1.2011328e+06
33316,793270.25
33317,876932.94
33318,1.1572594e+06
33319,497506.0
33320,647036.4
33321,546579.7
33322,528784.44
33323,1.5293566e+06
33324,1.0150942e+06
33325,1.1915922e+06
33326,781356.9
33327,547539.1
33328,479195.7
33329,588882.75
33330,456730.44
33331,1.5859719e+06
33332,593784.5
33333,1.1273229e+06
33334,542271.4
33335,696385.44
33336,1.0493022e+06
33337,445464.9
33338,849403.94
33339,539835.4
33340,582855.2
33341,617039.1
33342,1.3265552e+06
33343,540934.6
33344,481843.97
33345,439815.53
33346,1.1242501e+06
33347,1.22194e+06
33348,464642.84
33349,573429.4
33350,536018.6
33351,1.1968905e+06
33352,572960.4
33353,566650.3
33354,531914.75
33355,442232.7
33356,699059.7
33357,1.0979952e+06
33358,392019.1
33359,709559.25
33360,480774.94
33361,619030.1
33362,482764.8
33363,529517.7
33364,577445.9
33365,1.1180498e+06
33366,1.3176272e+06
33367,469579.53
33368,588037.56
33369,559184.06
33370,551746.2
33371,487788.88
33372,532752.9
33373,551161.9
33374,580795.0
33375,554289.3
33376,584184.1
33377,628571.56
33378,1.8556875e+06
33379,579768.44
33380,580650.44
33381,615504.56
33382,454798.84
33383,845360.06
33384,1.0044015e+06
33385,412467.25
33386,713720.2
33387,555550.44
33388,917849.44
33389,484952.5
33390,546491.06
33391,521629.53
33392,930297.1
33393,703846.75
33394,547747.0
33395,1.158327e+06
33396,545690.6
33397,543230.5
33398,520585.9
33399,1.0218817e+06
33400,1.2437149e+06
33401,1.0769338e+06
33402,496691.06
33403,1.2168592e+06
33404,919668.44
33405,1.0724744e+06
33406,561722.9
33407,500031.75
33408,580176.6
33409,837580.8
33410,567544.3
33411,558784.8
33412,990778.94
33413,513660.94
33414,520647.47
33415,1.2157909e+06
33416,1.1064571e+06
33417,671732.44
33418,565153.25
33419,562490.56
33420,894251.06
33421,611837.44
33422,619337.75
33423,419909.47
33424,575285.1
33425,555624.06
33426,604775.06
33427,1.2205948e+06
33428,500078.5
33429,523142.53
33430,489917.12
33431,563752.56
33432,592784.7
33433,598122.06
33434,961222.2
33435,618047.94
33436,549156.06
33437,527144.0
33438,473234.06
33439,448644.16
33440,746783.5
33441,607032.06
33442,1.01984106e+06
33443,582299.06
33444,1.1810188e+06
33445,486200.06
33446,886282.2
33447,573398.2
33448,528199.8
33449,1.7378839e+06
33450,556855.8
33451,961232.25
33452,1.1256244e+06
33453,546823.7
33454,557305.8
33455,655738.8
33456,604536.9
33457,497173.97
33458,494502.28
33459,1.864776e+06
33460,947100.75
33461,976659.06
33462,622058.3
33463,549047.7
33464,1.1371684e+06
33465,379071.53
33466,455032.25
33467,505172.4
33468,456412.56
33469,1.0993815e+06
33470,544723.5
33471,401114.7
33472,591134.0
33473,661209.7
33474,539174.75
33475,651510.06
33476,559558.56
33477,870116.9
33478,512248.16
33479,565221.7
33480,552549.75
33481,942828.2
33482,477444.47
33483,994745.9
33484,507371.66
33485,1.2531109e+06
33486,1.1678218e+06
33487,556680.6
33488,1.0542936e+06
33489,684033.3
33490,1.2177985e+06
33491,916051.5
33492,462160.94
33493,1.0316393e+06
33494,606899.5
33495,747610.8
33496,614481.1
33497,1.2069924e+06
33498,863598.4
33499,567429.56
33500,702549.75
33501,549098.5
33502,504751.03
33503,744919.2
33504,960258.25
33505,573393.25
33506,833695.0
33507,1.0099041e+06
33508,562726.6
33509,555720.0
33510,704727.25
33511,568748.8
33512,583045.9
33513,1.2535389e+06
33514,630361.7
33515,523142.53
33516,557227.2
33517,539865.25
33518,516922.47
33519,505045.72
33520,752107.5
33521,637539.25
33522,457511.66
33523,531745.8
33524,870978.6
33525,597281.3
33526,1.1453509e+06
33527,498258.56
33528,520393.78
33529,457322.3
33530,548724.7
33531,559916.75
33532,435116.66
33533,541105.9
33534,508453.78
33535,1.09821e+06
33536,605565.7
33537,508397.53
33538,613054.06
33539,959302.7
33540,664259.9
33541,1.0508024e+06
33542,1.1076544e+06
33543,514259.4
33544,824188.06
33545,1.6015342e+06
33546,537879.5
33547,876048.56
33548,1.1965104e+06
33549,621518.1
33550,1.187566e+06
33551,1.0932516e+06
33552,637511.9
33553,512313.6
33554,1.1063169e+06
33555,1.2012324e+06
33556,529923.9
33557,549826.8
33558,2.1031265e+06
33559,591089.44
33560,558041.4
33561,397149.97
33562,508065.03
33563,489527.62
33564,563305.44
33565,580874.2
33566,1.0946256e+06
33567,1.04677156e+06
33568,400596.3
33569,489869.0
33570,1.2080611e+06
33571,413848.66
33572,683042.44
33573,437174.72
33574,1.0840738e+06
33575,658329.2
33576,569830.3
33577,716620.9
33578,1.1896404e+06
33579,1.0750302e+06
33580,966607.2
33581,907650.25
33582,622845.44
33583,440398.53
33584,472020.25
33585,529982.5
33586,533297.8
33587,564249.56
33588,612375.06
33589,468873.4
33590,563731.06
33591,889211.5
33592,520851.56
33593,516719.9
33594,1.087609e+06
33595,444192.66
33596,486753.53
33597,446574.25
33598,522158.1
33599,580511.44
33600,500369.5
33601,549557.4
33602,743455.75
33603,668492.3
33604,462742.22
33605,539145.44
33606,545715.06
33607,1.1467389e+06
33608,1.1881845e+06
33609,557193.1
33610,1.1752705e+06
33611,503365.16
33612,509408.47
33613,470264.78
33614,494118.06
33615,505901.38
33616,576724.4
33617,539415.94
33618,435158.97
33619,505509.28
33620,781035.75
33621,401114.7
33622,560941.9
33623,490733.1
33624,939885.4
33625,411559.56
33626,1.1741268e+06
33627,455829.7
33628,509638.3
33629,1.02101275e+06
33630,556463.5
33631,1.1767285e+06
33632,750579.1
33633,522289.1
33634,1.2622661e+06
33635,701400.3
33636,743535.1
33637,449688.9
33638,602276.5
33639,579727.5
33640,945818.1
33641,541813.9
33642,625359.56
33643,471128.0
33644,653270.8
33645,574368.0
33646,971324.56
33647,564195.75
33648,523736.06
33649,538628.44
33650,663250.25
33651,612093.06
33652,682996.2
33653,490563.25
33654,551149.3
33655,460566.88
33656,461132.94
33657,591555.8
33658,647646.4
33659,561578.8
33660,1.01693425e+06
33661,441530.62
33662,1.0922751e+06
33663,545828.56
33664,609487.0
33665,526301.1
33666,445812.12
33667,466528.6
33668,696023.56
33669,1.4202561e+06
33670,447832.8
33671,539101.2
33672,905463.8
33673,1.6240731e+06
33674,537350.9
33675,738930.44
33676,453193.4
33677,653878.5
33678,606646.06
33679,1.096408e+06
33680,482449.53
33681,1.1983992e+06
33682,558748.0
33683,593466.9
33684,529021.5
33685,561612.56
33686,633682.2
33687,573770.7
33688,1.3654236e+06
33689,1.0215212e+06
33690,577997.4
33691,478517.06
33692,473791.3
33693,957922.25
33694,496859.72
33695,568402.3
33696,640843.1
33697,504556.12
33698,718632.94
33699,1.065737e+06
33700,496269.66
33701,870064.6
33702,507272.47
33703,534416.9
33704,764694.94
33705,621135.94
33706,560062.56
33707,593749.94
33708,408432.34
33709,470956.38
33710,518133.66
33711,997704.44
33712,921859.3
33713,558070.06
33714,544240.6
33715,1.0634252e+06
33716,536667.7
33717,628511.6
33718,631961.0
33719,741367.8
33720,496406.47
33721,648958.94
33722,525072.4
33723,524598.9
33724,472056.25
33725,519579.53
33726,799511.75
33727,873284.2
33728,756541.75
33729,554161.94
33730,549639.1
33731,986476.8
33732,508494.5
33733,470395.75
33734,527010.8
33735,787991.44
33736,497681.56
33737,1.2027398e+06
33738,634727.3
33739,577655.2
33740,578960.06
33741,835353.56
33742,544953.7
33743,573271.9
33744,522808.34
33745,394912.2
33746,1.01792975e+06
33747,1.1843381e+06
33748,549719.9
33749,481237.3
33750,657523.56
33751,521594.22
33752,460735.12
33753,1.1417116e+06
33754,779754.94
33755,886581.44
33756,1.190931e+06
33757,582355.7
33758,564572.0
33759,426243.97
33760,528952.4
33761,592704.44
33762,504847.3
33763,548848.2
33764,668331.06
33765,515103.16
33766,549102.7
33767,1.1821005e+06
33768,591257.5
33769,616426.25
33770,509159.3
33771,550145.75
33772,485470.3
33773,513047.97
33774,825605.6
33775,516898.8
33776,556756.5
33777,1.0563961e+06
33778,502279.5
33779,548296.8
33780,1.305151e+06
33781,501670.1
33782,444485.9
33783,906791.1
33784,933671.06
33785,1.2161516e+06
33786,544734.44
33787,490459.4
33788,550008.8
33789,547300.56
33790,452242.28
33791,687658.8
33792,539379.44
33793,1.1237785e+06
33794,514181.44
33795,549051.3
33796,698513.25
33797,1.278348e+06
33798,529842.5
33799,450707.75
33800,471210.22
33801,573801.4
33802,581620.9
33803,499101.78
33804,955759.56
33805,519422.97
33806,568653.9
33807,1.1849866e+06
33808,652324.5
33809,1.7939516e+06
33810,560545.56
33811,931343.75
33812,530011.3
33813,479220.38
33814,1.1691779e+06
33815,1.2435288e+06
33816,471904.12
33817,606439.56
33818,1.03988425e+06
33819,512781.88
33820,501676.78
33821,553318.56
33822,629251.1
33823,631242.44
33824,1.1147099e+06
33825,980252.56
33826,1.0147284e+06
33827,497202.9
33828,517228.22
33829,571673.3
33830,477977.5
33831,617146.2
33832,810878.75
33833,967686.3
33834,838705.44
33835,895313.5
33836,719952.06
33837,529562.6
33838,1.0200833e+06
33839,537412.9
33840,1.0757881e+06
33841,796209.44
33842,1.1574215e+06
33843,531572.44
33844,482673.2
33845,505178.2
33846,534026.1
33847,700493.2
33848,549967.4
33849,1.2964102e+06
33850,507590.9
33851,540203.56
33852,961630.2
33853,1.0049783e+06
33854,581417.3
33855,496825.6
33856,413671.5
33857,792378.06
33858,460110.72
33859,1.1695515e+06
33860,484191.84
33861,524806.0
33862,540786.06
33863,493316.22
33864,524120.78
33865,523411.5
33866,539148.5
33867,536199.56
33868,985245.1
33869,1.3906741e+06
33870,596543.56
33871,527010.8
33872,878663.3
33873,579513.0
33874,480394.53
33875,1.1160192e+06
33876,763421.25
33877,911641.7
33878,542102.25
33879,1.1815584e+06
33880,550067.56
33881,545585.5
33882,571187.25
33883,502776.97
33884,388639.47
33885,719959.6
33886,696903.0
33887,456529.7
33888,1.0134943e+06
33889,697190.8
33890,512420.12
33891,480074.38
33892,472274.22
33893,863593.44
33894,510719.9
33895,677904.1
33896,473234.06
33897,492731.3
33898,538465.6
33899,711924.8
33900,1.01269525e+06
33901,1.0507272e+06
33902,450418.12
33903,530202.4
33904,459879.97
33905,596746.7
33906,525749.3
33907,448122.47
33908,496192.06
33909,670356.5
33910,550790.4
33911,561714.9
33912,459801.47
33913,468854.2
33914,481177.66
33915,2.0725179e+06
33916,828141.7
33917,553750.94
33918,617528.3
33919,626701.7
33920,478959.03
33921,486200.06
33922,538322.4
33923,1.2000348e+06
33924,513665.34
33925,1.1629615e+06
33926,912852.7
33927,791237.8
33928,517415.7
33929,1.1529301e+06
33930,528513.7
33931,841752.0
33932,542609.7
33933,807769.8
33934,542296.2
33935,530197.8
33936,471113.16
33937,736653.56
33938,477458.6
33939,644622.6
33940,1.1820486e+06
33941,520631.06
33942,1.1561584e+06
33943,615286.8
33944,521478.3
33945,1.1667541e+06
33946,565519.3
33947,812685.6
33948,865719.25
33949,551572.56
33950,555081.2
33951,529035.6
33952,1.04652306e+06
33953,499734.28
33954,1.4260092e+06
33955,604174.94
33956,1.1643099e+06
33957,459728.7
33958,452927.25
33959,549156.06
33960,556374.4
33961,905982.06
33962,477525.1
33963,1.0632448e+06
33964,553556.6
33965,447560.84
33966,521220.78
33967,713377.9
33968,826493.44
33969,522257.72
33970,486112.9
33971,538824.7
33972,782880.7
33973,735812.44
33974,321545.28
33975,596285.9
33976,1.5286874e+06
33977,529617.7
33978,554243.8
33979,1.03988425e+06
33980,1.8747866e+06
33981,515103.16
33982,504015.1
33983,475964.7
33984,529653.06
33985,684179.44
33986,615555.6
33987,469395.97
33988,418358.97
33989,574583.3
33990,485610.16
33991,532467.94
33992,530197.8
33993,1.2805272e+06
33994,502320.72
33995,878043.44
33996,619269.8
33997,549332.6
33998,582793.5
33999,455638.44
34000,508061.16
34001,829453.75
34002,564163.5
34003,538925.94
34004,595212.06
34005,760862.8
34006,1.219622e+06
34007,617213.3
34008,572329.06
34009,860561.4
34010,761785.6
34011,411653.0
34012,614502.8
34013,609277.2
34014,611120.1
34015,717831.56
34016,476808.34
34017,955531.75
34018,1.1709209e+06
34019,1.1407342e+06
34020,469492.22
34021,847285.06
34022,537775.4
34023,534579.0
34024,834972.06
34025,613168.06
34026,621148.4
34027,745132.3
34028,554309.4
34029,452540.38
34030,469207.53
34031,851030.44
34032,1.0810972e+06
34033,923238.9
34034,1.1452296e+06
34035,582588.44
34036,597721.2
34037,551133.0
34038,442667.3
34039,486635.66
34040,565267.0
34041,462616.03
34042,1.1133925e+06
34043,459659.44
34044,464195.1
34045,577926.8
34046,429650.97
34047,735812.44
34048,683600.3
34049,476328.88
34050,652304.0
34051,917614.9
34052,545464.8
34053,1.0548396e+06
34054,1.1349505e+06
34055,522538.2
34056,474795.94
34057,430223.78
34058,600675.56
34059,604059.1
34060,440722.88
34061,526712.9
34062,451567.8
34063,593054.44
34064,451560.9
34065,556227.4
34066,519875.44
34067,537748.2
34068,682110.94
34069,510034.1
34070,760624.8
34071,519125.84
34072,653518.8
34073,531402.6
34074,613859.6
34075,564402.44
34076,458616.0
34077,470932.12
34078,1.2304931e+06
34079,1.047137e+06
34080,581936.0
34081,555993.0
34082,684439.2
34083,559986.7
34084,888583.3
34085,579728.06
34086,620123.8
34087,382947.44
34088,563356.5
34089,553439.44
34090,540431.4
34091,560935.44
34092,769714.1
34093,538165.25
34094,565215.75
34095,459172.22
34096,887143.06
34097,1.0786431e+06
34098,632750.44
34099,1.1257865e+06
34100,439798.75
34101,555522.3
34102,556120.8
34103,1.0614525e+06
34104,402632.4
34105,521660.88
34106,542815.7
34107,733199.6
34108,752453.25
34109,991216.5
34110,887784.56
34111,376591.38
34112,1.012647e+06
34113,565026.6
34114,618478.94
34115,446229.4
34116,1.201198e+06
34117,548499.75
34118,487626.56
34119,463368.88
34120,445721.56
34121,486877.03
34122,572570.9
34123,443980.9
34124,557527.5
34125,496683.47
34126,1.241519e+06
34127,716599.7
34128,604652.75
34129,498584.2
34130,509770.03
34131,1.2266021e+06
34132,806746.6
34133,1.1526828e+06
34134,552700.44
34135,821182.3
34136,641140.25
34137,541631.0
34138,577044.56
34139,1.04183775e+06
34140,504441.62
34141,921361.8
34142,559013.44
34143,455232.78
34144,859656.6
34145,545888.44
34146,1.1994146e+06
34147,727884.5
34148,504267.03
34149,542368.56
34150,1.0605266e+06
34151,399943.2
34152,786315.94
34153,464236.7
34154,879641.75
34155,504401.22
34156,630352.06
34157,550990.06
34158,500717.0
34159,1.1184209e+06
34160,566569.8
34161,485364.78
34162,877229.9
34163,523082.66
34164,478688.7
34165,591160.5
34166,574934.7
34167,1.0244792e+06
34168,1.0802078e+06
34169,734387.2
34170,890908.3
34171,690879.8
34172,577655.75
34173,571167.6
34174,504541.22
34175,469585.38
34176,521267.0
34177,532753.4
34178,543849.4
34179,555321.06
34180,507667.38
34181,470394.4
34182,761028.94
34183,456184.56
34184,523222.84
34185,600115.0
34186,533790.4
34187,438876.56
34188,496954.5
34189,519982.03
34190,531960.9
34191,607728.3
34192,472925.94
34193,336152.34
34194,606290.4
34195,1.1487036e+06
34196,445787.9
34197,472790.66
34198,463937.06
34199,563425.25
34200,895447.56
34201,439486.4
34202,1.1323504e+06
34203,604518.44
34204,608233.94
34205,914550.1
34206,502908.38
34207,421995.4
34208,628165.9
34209,720377.94
34210,1.141039e+06
34211,562576.4
34212,455635.84
34213,955692.1
34214,610555.7
34215,476065.9
34216,904588.6
34217,605386.1
34218,526099.9
34219,481822.38
34220,376891.03
34221,603389.5
34222,576310.9
34223,444586.38
34224,623109.25
34225,606818.5
34226,604634.9
34227,513168.84
34228,896479.75
34229,440738.88
34230,495403.38
34231,574124.9
34232,520857.03
34233,1.04099756e+06
34234,473285.97
34235,520857.03
34236,574829.4
34237,1.55051e+06
34238,1.275597e+06
34239,603545.5
34240,550336.75
34241,498840.06
34242,542710.56
34243,510163.5
34244,437023.0
34245,541213.25
34246,891045.94
34247,1.1445745e+06
34248,371366.47
34249,509909.1
34250,524887.6
34251,527877.0
34252,836484.0
34253,761028.94
34254,862596.6
34255,448070.75
34256,1.139811e+06
34257,862735.7
34258,498526.66
34259,1.1245868e+06
34260,562683.1
34261,474642.9
34262,988645.8
34263,544505.9
34264,504743.8
34265,1.052387e+06
34266,486270.53
34267,914999.44
34268,1.2230639e+06
34269,576725.44
34270,1.184154e+06
34271,519318.47
34272,1.07428e+06
34273,439417.66
34274,573399.3
34275,552278.94
34276,864231.94
34277,1.3894559e+06
34278,452333.72
34279,1.2500124e+06
34280,748838.8
34281,435821.4
34282,507174.28
34283,989669.3
34284,609159.8
34285,508243.84
34286,526068.8
34287,499008.5
34288,540985.7
34289,1.1297875e+06
34290,527810.56
34291,522151.62
34292,476696.06
34293,1.4106934e+06
34294,1.1346886e+06
34295,561244.7
34296,539335.2
34297,544849.25
34298,665611.9
34299,877860.9
34300,571393.75
34301,516895.88
34302,491317.06
34303,1.055053e+06
34304,625239.06
34305,1.0555884e+06
34306,591719.44
34307,668080.6
34308,1.1456928e+06
34309,523703.6
34310,455861.84
34311,603269.25
34312,442231.0
34313,1.02672394e+06
34314,630853.06
34315,2.4339088e+06
34316,572100.4
34317,556462.44
34318,535912.25
34319,485364.78
34320,619511.44
34321,388155.0
34322,463998.56
34323,470950.1
34324,836500.75
34325,521906.7
34326,586501.3
34327,754528.56
34328,1.1585248e+06
34329,890233.94
34330,681453.6
34331,1.0706564e+06
34332,624504.94
34333,508976.28
34334,523722.06
34335,1.5113171e+06
34336,583572.1
34337,566272.2
34338,746667.4
34339,1.1826101e+06
34340,882847.94
34341,481965.75
34342,1.1798006e+06
34343,533650.94
34344,915886.44
34345,1.1460425e+06
34346,867196.7
34347,496200.56
34348,544549.0
34349,476601.97
34350,1.0768095e+06
34351,501661.5
34352,547020.9
34353,713048.0
34354,476696.06
34355,1.0502394e+06
34356,1.0737802e+06
34357,661756.6
34358,593233.2
34359,977881.9
34360,1.1036939e+06
34361,899571.44
34362,456177.6
34363,443171.66
34364,565239.5
34365,535680.3
34366,560891.56
34367,670861.75
34368,503507.75
34369,524372.75
34370,550640.2
34371,650878.5
34372,480305.2
34373,583776.44
34374,975788.6
34375,555383.0
34376,689770.5
34377,507515.38
34378,835559.1
34379,1.0228196e+06
34380,603043.2
34381,529102.75
34382,482328.53
34383,699499.2
34384,844233.75
34385,491933.6
34386,593554.6
34387,531733.7
34388,619247.4
34389,539598.06
34390,687651.0
34391,516183.06
34392,530745.75
34393,555091.8
34394,656403.3
34395,653576.2
34396,1.5913975e+06
34397,424087.28
34398,556087.94
34399,675916.44
34400,906401.2
34401,540846.4
34402,528855.06
34403,504694.25
34404,1.0779048e+06
34405,1.1730701e+06
34406,920437.94
34407,473843.75
34408,457015.8
34409,605930.8
34410,595761.8
34411,469928.97
34412,550407.06
34413,889247.94
34414,1.1136696e+06
34415,432111.16
34416,575458.0
34417,584875.9
34418,518211.25
34419,455108.62
34420,653471.44
34421,481140.94
34422,520749.25
34423,476551.5
34424,543803.75
34425,548875.94
34426,466807.66
34427,552762.7
34428,642021.3
34429,548306.2
34430,582026.44
34431,550046.56
34432,756656.44
34433,482493.25
34434,446241.3
34435,531678.9
34436,541530.25
34437,483908.4
34438,486197.75
34439,573418.44
34440,604818.9
34441,607028.56
34442,513794.2
34443,487857.28
34444,577190.44
34445,546104.0
34446,452890.53
34447,1.1341878e+06
34448,835415.7
34449,1.0928992e+06
34450,563846.1
34451,449626.75
34452,795912.6
34453,697283.94
34454,466863.75
34455,580131.25
34456,541954.44
34457,1.01579244e+06
34458,538379.9
34459,978579.7
34460,478388.4
34461,527751.2
34462,524331.25
34463,506738.66
34464,579831.44
34465,1.1150799e+06
34466,426762.16
34467,512738.84
34468,1.0272009e+06
34469,502729.97
34470,558104.1
34471,1.0863009e+06
34472,535301.9
34473,459559.06
34474,1.1869048e+06
34475,532125.8
34476,669379.06
34477,709448.94
34478,1.1968162e+06
34479,512848.88
34480,586950.06
34481,1.1271939e+06
34482,888977.44
34483,589360.3
34484,1.0304063e+06
34485,492542.9
34486,749872.2
34487,883018.0
34488,572293.56
34489,546036.8
34490,621154.3
34491,556182.9
34492,457196.72
34493,454808.38
34494,629095.1
34495,517842.22
34496,653209.1
34497,525359.9
34498,550641.25
34499,970743.94
34500,763278.56
34501,1.152008e+06
34502,437955.9
34503,1.0824219e+06
34504,676935.06
34505,527642.94
34506,1.0787541e+06
34507,486197.75
34508,1.2846432e+06
34509,560415.7
34510,1.3332836e+06
34511,564868.75
34512,1.209607e+06
34513,389470.22
34514,507102.22
34515,517273.6
34516,429612.88
34517,567867.56
34518,545285.9
34519,755522.94
34520,486651.88
34521,2.7108902e+06
34522,599758.56
34523,529832.9
34524,993420.56
34525,526557.2
34526,586154.06
34527,557364.8
34528,1.1068656e+06
34529,1.0071332e+06
34530,804487.06
34531,456984.88
34532,453428.16
34533,550660.7
34534,557985.5
34535,474543.34
34536,560505.5
34537,448882.97
34538,584885.94
34539,510205.34
34540,525322.3
34541,575649.0
34542,613510.8
34543,536604.75
34544,506410.16
34545,479965.88
34546,1.4949951e+06
34547,584477.8
34548,1.006344e+06
34549,577680.5
34550,454615.84
34551,551102.5
34552,564893.0
34553,2.0674386e+06
34554,516182.06
34555,1.1854014e+06
34556,558777.3
34557,1.1993894e+06
34558,532543.1
34559,826915.25
34560,601756.94
34561,586906.94
34562,1.1287751e+06
34563,554200.5
34564,1.2428292e+06
34565,521582.28
34566,888926.6
34567,536714.25
34568,551268.06
34569,1.1308816e+06
34570,645583.0
34571,1.6229552e+06
34572,623103.3
34573,677989.44
34574,538986.06
34575,558788.0
34576,622745.06
34577,677551.9
34578,532549.7
34579,549974.75
34580,453227.12
34581,483848.88
34582,581864.44
34583,731383.2
34584,556812.8
34585,555466.2
34586,398798.28
34587,1.1931022e+06
34588,458659.28
34589,482419.62
34590,744617.3
34591,1.1324066e+06
34592,526215.3
34593,659720.06
34594,583772.0
34595,695012.06
34596,577895.44
34597,1.1505356e+06
34598,572866.4
34599,530348.06
34600,573847.9
34601,473417.34
34602,548101.8
34603,516558.78
34604,501554.34
34605,575636.4
34606,497804.5
34607,566406.1
34608,2.3236282e+06
34609,1.2110232e+06
34610,537801.5
34611,542580.2
34612,629670.1
34613,1.1695325e+06
34614,468914.1
34615,528502.6
34616,628888.2
34617,1.1535822e+06
34618,525848.56
34619,516284.97
34620,514160.84
34621,746804.9
34622,538220.2
34623,549195.9
34624,789346.06
34625,1.1724986e+06
34626,984815.8
34627,501527.06
34628,546740.8
34629,421710.6
34630,516315.5
34631,517880.25
34632,1.5452975e+06
34633,538122.2
34634,512532.06
34635,528372.6
34636,580652.06
34637,565496.7
34638,560781.94
34639,507924.06
34640,427687.03
34641,482476.7
34642,596511.1
34643,534443.9
34644,524038.8
34645,553168.75
34646,473161.4
34647,508774.88
34648,1.1229514e+06
34649,986266.06
34650,560485.2
34651,1.0493032e+06
34652,500725.12
34653,460876.2
34654,438923.88
34655,460922.34
34656,566289.44
34657,975508.56
34658,475331.0
34659,556754.4
34660,515140.97
34661,531110.3
34662,465214.84
34663,1.0991456e+06
34664,586238.5
34665,1.099972e+06
34666,462365.94
34667,860281.56
34668,515893.7
34669,554868.94
34670,3.879581e+06
34671,509366.2
34672,760631.4
34673,560604.94
34674,600432.7
34675,605882.25
34676,679777.6
34677,505183.5
34678,536595.5
34679,1.1445854e+06
34680,1.1899195e+06
34681,803595.3
34682,534314.44
34683,522377.25
34684,424741.75
34685,970974.5
34686,555786.25
34687,571227.0
34688,927649.94
34689,530955.3
34690,1.0560546e+06
34691,1.0999395e+06
34692,1.628046e+06
34693,528915.56
34694,627940.06
34695,557951.94
34696,556288.94
34697,460537.0
34698,541409.44
34699,579768.94
34700,599872.94
34701,1.2457294e+06
34702,603633.0
34703,486154.62
34704,519952.28
34705,545769.2
34706,541019.2
34707,540073.75
34708,504868.03
34709,1.2464245e+06
34710,511429.56
34711,761050.75
34712,1.2763624e+06
34713,462262.34
34714,533647.4
34715,534381.2
34716,884102.5
34717,540569.0
34718,572014.75
34719,530625.25
34720,578743.7
34721,582725.7
34722,525157.0
34723,1.0986898e+06
34724,1.0679305e+06
34725,742586.3
34726,511329.56
34727,565416.9
34728,756953.06
34729,469544.16
34730,738376.75
34731,667521.44
34732,719071.75
34733,466539.28
34734,1.1477148e+06
34735,553493.8
34736,511871.62
34737,1.5340924e+06
34738,765684.5
34739,557775.9
34740,460641.1
34741,587853.06
34742,560485.2
34743,683278.3
34744,482476.7
34745,521295.34
34746,674216.8
34747,652640.0
34748,666494.75
34749,598158.0
34750,531973.56
34751,536115.25
34752,1.5548085e+06
34753,755899.1
34754,717301.2
34755,524636.9
34756,556889.8
34757,500008.4
34758,520513.9
34759,576025.2
34760,421771.3
34761,853893.75
34762,555569.5
34763,1.074939e+06
34764,782285.1
34765,600668.1
34766,1.4049792e+06
34767,818840.94
34768,550405.5
34769,483644.53
34770,609463.75
34771,1.102298e+06
34772,613346.44
34773,577386.94
34774,622876.4
34775,630696.6
34776,973450.06
34777,527371.8
34778,579004.8
34779,540240.2
34780,590064.94
34781,1.8163276e+06
34782,971246.8
34783,716571.7
34784,451327.56
34785,653911.56
34786,514269.72
34787,447072.38
34788,739036.9
34789,548296.3
34790,538875.56
34791,579036.8
34792,1.0154011e+06
34793,463377.72
34794,1.7340149e+06
34795,566418.0
34796,525458.06
34797,735997.0
34798,569552.1
34799,464166.3
34800,1.3834754e+06
34801,537535.9
34802,949671.2
34803,573615.9
34804,733846.0
34805,506545.88
34806,812818.2
34807,444147.34
34808,511516.88
34809,930292.7
34810,666352.44
34811,479965.88
34812,501554.34
34813,500452.53
34814,488013.62
34815,1.0909176e+06
34816,1.053151e+06
34817,588583.5
34818,506799.1
34819,584951.75
34820,990228.2
34821,463168.72
34822,530357.6
34823,596128.94
34824,1.0879316e+06
34825,958071.2
34826,840359.56
34827,526226.9
34828,479107.5
34829,1.2003162e+06
34830,556052.4
34831,498260.47
34832,721007.5
34833,550640.75
34834,461357.72
34835,549974.75
34836,872656.5
34837,619568.75
34838,597246.56
34839,576473.06
34840,942130.75
34841,1.23693e+06
34842,557620.0
34843,502145.88
34844,432266.12
34845,515521.38
34846,753297.6
34847,586491.25
34848,527854.4
34849,524338.25
34850,548784.9
34851,492904.75
34852,550231.25
34853,447571.5
34854,487159.88
34855,1.01759494e+06
34856,605108.5
34857,1.2652791e+06
34858,1.1689048e+06
34859,653433.44
34860,939354.94
34861,548581.3
34862,562425.1
34863,1.2158918e+06
34864,753860.4
34865,450779.97
34866,520152.66
34867,556532.0
34868,651295.1
34869,602571.8
34870,630354.5
34871,518333.34
34872,566594.1
34873,533647.4
34874,709404.3
34875,672910.9
34876,765595.4
34877,572894.25
34878,553133.4
34879,523300.7
34880,577269.1
34881,605329.56
34882,572251.0
34883,453602.03
34884,573971.0
34885,572811.2
34886,591298.06
34887,529147.7
34888,551321.2
34889,719761.25
34890,518427.75
34891,554610.25
34892,565683.3
34893,489662.56
34894,567839.4
34895,493038.25
34896,1.6515454e+06
34897,960978.4
34898,555428.56
34899,566870.9
34900,540787.6
34901,558015.8
34902,704953.1
34903,562542.06
34904,536288.06
34905,519403.16
34906,1.1057135e+06
34907,644042.56
34908,729567.75
34909,468441.66
34910,531065.2
34911,466241.28
34912,580105.25
34913,529808.1
34914,617702.6
34915,519168.4
34916,495051.03
34917,477256.47
34918,869598.4
34919,488804.06
34920,528344.9
34921,515782.5
34922,695163.9
34923,588567.2
34924,580705.25
34925,989069.2
34926,449644.75
34927,1.2519845e+06
34928,607735.9
34929,1.1829022e+06
34930,528577.25
34931,768270.9
34932,562525.94
34933,552155.2
34934,1.0851495e+06
34935,556218.94
34936,584693.0
34937,2.9123715e+06
34938,604858.7
34939,467556.16
34940,617025.0
34941,1.2031999e+06
34942,740432.25
34943,517906.9
34944,505457.22
34945,936035.44
34946,566942.25
34947,480399.56
34948,464766.94
34949,512350.75
34950,466241.28
34951,713139.8
34952,836977.1
34953,1.6583225e+06
34954,460725.44
34955,584938.4
34956,1.240939e+06
34957,542151.4
34958,518018.53
34959,536919.06
34960,642958.2
34961,561489.94
34962,975751.4
34963,485183.34
34964,1.0965858e+06
34965,570321.25
34966,454050.84
34967,520712.5
34968,879181.3
34969,1.17181e+06
34970,508170.2
34971,490405.62
34972,449697.06
34973,574762.0
34974,1.2712809e+06
34975,1.2822149e+06
34976,581311.44
34977,484535.53
34978,730121.75
34979,709502.4
34980,967473.2
34981,450991.53
34982,526570.75
34983,525933.4
34984,558261.75
34985,583386.9
34986,506504.8
34987,444097.78
34988,1.1912206e+06
34989,448530.78
34990,416206.44
34991,507971.03
34992,687135.7
34993,442223.84
34994,1.1128214e+06
34995,476333.4
34996,1.0041218e+06
34997,621945.0
34998,645505.44
34999,526183.2
35000,632656.9
35001,566037.3
35002,545020.75
35003,516980.66
35004,601941.2
35005,548628.44
35006,591889.9
35007,572124.4
35008,442489.62
35009,532676.2
35010,429981.75
35011,504779.94
35012,730431.7
35013,839645.0
35014,582751.25
35015,999248.0
35016,680725.44
35017,558231.4
35018,593615.75
35019,1.5808121e+06
35020,693500.5
35021,654340.75
35022,525210.56
35023,504678.38
35024,1.2084644e+06
35025,859497.56
35026,399005.25
35027,668968.1
35028,563021.9
35029,493537.38
35030,922624.5
35031,545281.2
35032,511457.34
35033,434274.28
35034,608592.5
35035,939608.44
35036,741676.8
35037,576533.0
35038,523824.47
35039,918477.25
35040,518054.6
35041,606786.6
35042,710840.0
35043,1.1508615e+06
35044,500290.28
35045,511578.8
35046,555416.94
35047,508765.2
35048,423232.34
35049,429179.6
35050,519300.62
35051,564119.4
35052,421091.7
35053,520645.97
35054,444830.66
35055,1.171743e+06
35056,574651.8
35057,560552.56
35058,737687.0
35059,623513.5
35060,1.1308806e+06
35061,607399.2
35062,561504.4
35063,509493.97
35064,565681.7
35065,594380.5
35066,453527.2
35067,651892.94
35068,760236.8
35069,476871.56
35070,515649.72
35071,502474.97
35072,412591.16
35073,715599.9
35074,594107.3
35075,570165.1
35076,498773.94
35077,794852.94
35078,511823.78
35079,891275.44
35080,932251.0
35081,564775.0
35082,674492.75
35083,541671.8
35084,1.1548779e+06
35085,537969.25
35086,585589.2
35087,622356.2
35088,535134.44
35089,562510.94
35090,460609.9
35091,399005.25
35092,488136.97
35093,597308.6
35094,600024.56
35095,535865.75
35096,562686.94
35097,477038.03
35098,1.2379084e+06
35099,418430.4
35100,551447.4
35101,523730.56
35102,479482.3
35103,1.3060611e+06
35104,566634.7
35105,733344.4
35106,1.057161e+06
35107,449222.12
35108,2.7595455e+06
35109,525113.44
35110,1.084083e+06
35111,499520.34
35112,974048.1
35113,488418.25
35114,2.0736566e+06
35115,1.1321615e+06
35116,506492.25
35117,562092.1
35118,671521.7
35119,574591.56
35120,521576.3
35121,523813.47
35122,502474.97
35123,589661.06
35124,561533.8
35125,562785.7
35126,473104.12
35127,504782.34
35128,515053.53
35129,588754.1
35130,689575.8
35131,1.2285794e+06
35132,1.04383775e+06
35133,761396.3
35134,2.1487918e+06
35135,580009.56
35136,739282.9
35137,472011.7
35138,584006.44
35139,1.03646944e+06
35140,556244.94
35141,526655.6
35142,808393.25
35143,607004.9
35144,542585.4
35145,855985.06
35146,525385.94
35147,429991.6
35148,426701.12
35149,1.1969898e+06
35150,1.1522519e+06
35151,548431.75
35152,1.2133689e+06
35153,439043.6
35154,634941.06
35155,546283.7
35156,553495.9
35157,456946.53
35158,844774.94
35159,1.0962794e+06
35160,621743.4
35161,743373.5
35162,504791.47
35163,461114.03
35164,1.0950474e+06
35165,666670.25
35166,822813.7
35167,729979.06
35168,464486.9
35169,1.143959e+06
35170,911677.3
35171,407747.38
35172,477026.7
35173,1.1826856e+06
35174,603170.9
35175,544320.0
35176,619377.3
35177,895501.3
35178,943133.06
35179,521099.5
35180,611645.5
35181,513212.4
35182,1.1898878e+06
35183,698926.4
35184,1.2543174e+06
35185,473407.4
35186,1.1365861e+06
35187,563648.3
35188,1.0655419e+06
35189,589185.5
35190,545060.25
35191,684477.7
35192,548328.7
35193,545431.0
35194,519699.94
35195,1.1293716e+06
35196,880395.4
35197,1.561211e+06
35198,1.070151e+06
35199,513824.56
35200,510546.53
35201,772939.0
35202,589896.75
35203,521931.56
35204,503963.2
35205,575221.5
35206,615695.4
35207,536550.5
35208,542804.8
35209,604786.56
35210,478250.2
35211,1.1805221e+06
35212,542092.94
35213,708671.3
35214,472992.22
35215,570309.8
35216,664336.56
35217,455890.97
35218,453304.94
35219,887597.5
35220,747615.8
35221,921411.06
35222,1.0607644e+06
35223,1.0562772e+06
35224,491531.7
35225,716675.56
35226,879139.4
35227,1.1212649e+06
35228,591341.5
35229,510960.06
35230,616034.25
35231,640029.6
35232,1.2364948e+06
35233,581477.2
35234,553868.7
35235,462972.22
35236,523815.47
35237,527034.94
35238,513600.2
35239,1.01779194e+06
35240,500772.88
35241,481067.1
35242,945554.75
35243,1.1216788e+06
35244,880120.9
35245,530933.06
35246,1.2771539e+06
35247,516732.22
35248,1.1860402e+06
35249,804264.6
35250,583163.8
35251,443319.2
35252,530134.1
35253,584578.1
35254,502258.44
35255,443232.94
35256,512907.56
35257,488425.7
35258,462518.97
35259,1.1452962e+06
35260,653394.8
35261,484860.5
35262,1.00207556e+06
35263,1.0040366e+06
35264,946179.0
35265,754790.5
35266,556754.4
35267,510848.5
35268,525649.56
35269,511818.44
35270,483378.9
35271,529856.1
35272,896310.44
35273,453557.9
35274,481489.34
35275,519896.75
35276,515914.84
35277,604581.25
35278,1.03292306e+06
35279,1.1092591e+06
35280,464292.94
35281,473407.4
35282,527268.7
35283,1.1268338e+06
35284,519699.94
35285,487093.9
35286,535723.75
35287,543237.75
35288,551888.8
35289,1.1668588e+06
35290,540732.94
35291,1.0101806e+06
35292,639447.56
35293,581511.6
35294,606576.06
35295,582128.6
35296,573429.4
35297,763038.4
35298,840695.44
35299,590048.06
35300,1.1414885e+06
35301,679532.0
35302,558943.6
35303,573498.25
35304,498882.4
35305,1.1722918e+06
35306,514348.2
35307,561938.8
35308,449222.12
35309,549311.6
35310,487093.9
35311,452557.22
35312,575119.5
35313,471774.1
35314,531386.4
35315,689327.94
35316,445866.12
35317,541241.1
35318,499770.03
35319,713843.4
35320,463999.0
35321,455809.7
35322,549703.1
35323,523557.78
35324,523359.1
35325,527676.7
35326,437600.2
35327,710460.5
35328,992218.06
35329,779423.3
35330,495478.03
35331,593627.6
35332,718149.94
35333,794005.94
35334,1.1782882e+06
35335,415781.97
35336,1.0249541e+06
35337,547580.9
35338,573375.75
35339,1.1472322e+06
35340,741345.9
35341,527949.5
35342,547891.7
35343,1.2070845e+06
35344,804518.56
35345,487700.97
35346,469594.3
35347,458410.9
35348,564157.56
35349,685049.1
35350,442551.66
35351,661537.7
35352,503545.22
35353,628618.94
35354,582412.94
35355,515506.62
35356,1.2326895e+06
35357,523138.03
35358,522272.16
35359,955685.75
35360,487765.62
35361,519317.97
35362,662420.25
35363,438441.5
35364,512320.94
35365,906357.1
35366,871660.0
35367,488352.1
35368,1.1405298e+06
35369,478132.06
35370,484526.28
35371,592019.75
35372,768072.4
35373,590660.6
35374,537954.4
35375,600823.94
35376,458410.9
35377,526254.94
35378,1.0003063e+06
35379,462948.38
35380,794388.4
35381,556104.9
35382,860759.2
35383,760236.8
35384,692549.44
35385,514203.5
35386,516104.28
35387,712385.94
35388,467259.28
35389,531524.75
35390,1.3796216e+06
35391,573136.9
35392,618496.06
35393,593415.94
35394,1.2277045e+06
35395,1.1148258e+06
35396,1.0398763e+06
35397,581585.4
35398,521778.28
35399,476882.03
35400,573783.8
35401,554580.6
35402,622806.25
35403,1.1760408e+06
35404,571685.3
35405,552140.44
35406,550495.25
35407,1.1189735e+06
35408,555073.25
35409,1.0535226e+06
35410,498083.28
35411,1.1682105e+06
35412,413447.06
35413,793283.9
35414,858714.3
35415,455243.62
35416,773054.75
35417,1.1708718e+06
35418,525544.75
35419,561882.0
35420,484852.16
35421,836469.6
35422,575663.8
35423,461983.8
35424,483376.62
35425,538772.25
35426,563744.0
35427,740408.25
35428,544799.9
35429,487315.56
35430,563267.3
35431,589854.0
35432,506740.6
35433,908544.9
35434,462421.06
35435,831557.4
35436,1.096842e+06
35437,1.1836854e+06
35438,1.1370534e+06
35439,590240.56
35440,539327.44
35441,618272.56
35442,703863.5
35443,1.2113906e+06
35444,924027.2
35445,998860.2
35446,477018.47
35447,634741.9
35448,595984.0
35449,444351.12
35450,490846.38
35451,1.03821556e+06
35452,541058.44
35453,509559.56
35454,563933.25
35455,938050.56
35456,632416.8
35457,483905.66
35458,533449.94
35459,457872.62
35460,574665.0
35461,581115.75
35462,829267.06
35463,1.171133e+06
35464,2.9501798e+06
35465,652895.25
35466,551953.56
35467,939261.75
35468,490646.06
35469,520258.3
35470,512733.47
35471,739529.0
35472,472616.62
35473,545492.9
35474,904103.94
35475,614912.0
35476,517160.16
35477,505843.0
35478,588574.5
35479,620740.4
35480,483950.88
35481,436466.94
35482,1.0493424e+06
35483,531402.1
35484,454081.6
35485,642598.4
35486,741864.3
35487,679107.6
35488,1.1351086e+06
35489,519306.1
35490,1.2242438e+06
35491,500668.78
35492,569404.94
35493,1.1491451e+06
35494,1.2026228e+06
35495,1.1618252e+06
35496,971701.7
35497,991307.25
35498,445558.8
35499,1.0876692e+06
35500,496870.16
35501,2.10534e+06
35502,507016.12
35503,501227.75
35504,451259.12
35505,1.1637238e+06
35506,744895.75
35507,1.0897052e+06
35508,762828.1
35509,1.0220474e+06
35510,908543.2
35511,467222.75
35512,614164.75
35513,1.1669255e+06
35514,449259.4
35515,739282.9
35516,567744.06
35517,712729.8
35518,468724.06
35519,1.0764635e+06
35520,610073.1
35521,1.1446465e+06
35522,838276.8
35523,575632.56
35524,437455.4
35525,966559.25
35526,1.00689406e+06
35527,508225.44
35528,522392.2
35529,619808.7
35530,570610.1
35531,951919.0
35532,572361.25
35533,552182.56
35534,852976.5
35535,830729.06
35536,766741.1
35537,459990.5
35538,560747.2
35539,619428.75
35540,540613.8
35541,487093.9
35542,460627.9
35543,434828.75
35544,603828.2
35545,557403.6
35546,1.1102688e+06
35547,529697.0
35548,1.154846e+06
35549,550517.3
35550,1.4438262e+06
35551,798616.4
35552,453721.44
35553,902667.75
35554,1.04232475e+06
35555,568461.94
35556,608105.1
35557,737943.8
35558,466792.97
35559,617026.1
35560,862521.8
35561,830755.2
35562,1.1610245e+06
35563,580055.44
35564,523949.38
35565,723347.75
35566,1.1281735e+06
35567,600295.3
35568,570722.75
35569,1.1519585e+06
35570,439565.62
35571,553363.94
35572,558570.06
35573,541537.0
35574,619808.7
35575,1.0827698e+06
35576,509560.56
35577,472049.06
35578,415975.1
35579,535063.5
35580,526694.75
35581,636765.7
35582,480968.44
35583,914466.44
35584,502474.97
35585,545303.56
35586,641321.25
35587,560747.2
35588,584594.9
35589,536280.9
35590,1.1329889e+06
35591,496542.8
35592,695345.5
35593,522675.75
35594,455534.2
35595,613067.5
35596,710091.3
35597,1.5302626e+06
35598,593513.9
35599,696115.2
35600,461780.3
35601,597476.7
35602,560538.1
35603,512836.16
35604,1.0862304e+06
35605,543598.94
35606,570240.75
35607,662746.94
35608,521332.62
35609,422005.47
35610,851166.0
35611,508805.94
35612,1.2013779e+06
35613,833471.56
35614,547674.94
35615,466891.78
35616,573429.4
35617,403150.72
35618,464708.0
35619,498083.28
35620,544382.3
35621,1.2182782e+06
35622,1.17773e+06
35623,1.0905535e+06
35624,506749.78
35625,483707.25
35626,711653.3
35627,509841.5
35628,509091.8
35629,453291.97
35630,588790.06
35631,575812.6
35632,598892.06
35633,482722.47
35634,541837.6
35635,515084.5
35636,569458.7
35637,630468.7
35638,618147.0
35639,475891.16
35640,399005.25
35641,580307.75
35642,1.1349528e+06
35643,859275.5
35644,890338.4
35645,452516.66
35646,620836.9
35647,1.01798606e+06
35648,1.01665694e+06
35649,970162.75
35650,477312.44
35651,562705.2
35652,583295.06
35653,522937.0
35654,692515.06
35655,436531.88
35656,401512.72
35657,893725.9
35658,909016.4
35659,449222.12
35660,533246.44
35661,806102.2
35662,468874.75
35663,473407.4
35664,849703.7
35665,592849.1
35666,805309.94
35667,576193.3
35668,548155.1
35669,476015.06
35670,555386.2
35671,463000.47
35672,977658.06
35673,560993.75
35674,548270.7
35675,1.4511259e+06
35676,449164.3
35677,803524.0
35678,773867.6
35679,458607.7
35680,1.8020605e+06
35681,590055.94
35682,541196.75
35683,1.2025001e+06
35684,485803.78
35685,860766.56
35686,548966.5
35687,1.1843211e+06
35688,460383.3
35689,1.0603739e+06
35690,515008.34
35691,651420.0
35692,509669.9
35693,697731.56
35694,636717.75
35695,821118.9
35696,536684.06
35697,956661.44
35698,525610.94
35699,608688.25
35700,474570.94
35701,574555.4
35702,540544.25
35703,494940.1
35704,577113.9
35705,760073.0
35706,449552.12
35707,596708.0
35708,787684.94
35709,486702.03
35710,1.0603649e+06
35711,542453.94
35712,514869.38
35713,1.0960964e+06
35714,562400.44
35715,1.0449892e+06
35716,562747.0
35717,659030.25
35718,599215.44
35719,568650.1
35720,452516.66
35721,710928.8
35722,522944.0
35723,515943.88
35724,496963.03
35725,500218.25
35726,519052.56
35727,1.2107115e+06
35728,582208.56
35729,468874.75
35730,470946.06
35731,1.1427236e+06
35732,864241.0
35733,465306.25
35734,525321.3
35735,846395.9
35736,531702.75
35737,510995.16
35738,539946.06
35739,551176.6
35740,834834.3
35741,1.0774824e+06
35742,616760.8
35743,595146.8
35744,466415.16
35745,555538.25
35746,946059.9
35747,694035.06
35748,497908.03
35749,762518.25
35750,496753.12
35751,1.4058356e+06
35752,505547.84
35753,667747.5
35754,546020.1
35755,522392.2
35756,897255.5
35757,468816.16
35758,453440.25
35759,515307.56
35760,514954.34
35761,1.0150865e+06
35762,533379.2
35763,1.4682775e+06
35764,939418.5
35765,607859.3
35766,444745.4
35767,594468.94
35768,467926.84
35769,525520.7
35770,552771.6
35771,584578.1
35772,559136.06
35773,534578.5
35774,538020.06
35775,675826.9
35776,619614.8
35777,582084.75
35778,956104.2
35779,1.0581495e+06
35780,658080.0
35781,1.4438262e+06
35782,541416.6
35783,478772.25
35784,484671.4
35785,1.1407594e+06
35786,1.20529e+06
35787,504687.5
35788,577411.75
35789,590611.6
35790,494259.94
35791,591272.1
35792,503086.8
35793,593481.0
35794,1.178058e+06
35795,532848.44
35796,463601.38
35797,635091.9
35798,467286.47
35799,1.01103744e+06
35800,876315.94
35801,482509.8
35802,1.6666461e+06
35803,585566.9
35804,550025.06
35805,482427.47
35806,562425.1
35807,557861.5
35808,605042.1
35809,1.1130241e+06
35810,464821.03
35811,445303.06
35812,901860.6
35813,621129.44
35814,961618.25
35815,999023.1
35816,881254.75
35817,508173.1
35818,555519.2
35819,673261.4
35820,460732.94
35821,514034.84
35822,656390.2
35823,469464.0
35824,919507.94
35825,460612.53
35826,605654.7
35827,600427.0
35828,615008.1
35829,442872.1
35830,477279.22
35831,566083.2
35832,738399.3
35833,466248.38
35834,659100.0
35835,522463.44
35836,499967.38
35837,576759.0
35838,508424.2
35839,903640.2
35840,545415.94
35841,730908.3
35842,1.163716e+06
35843,469315.4
35844,624795.6
35845,583235.56
35846,1.1119726e+06
35847,893731.9
35848,425691.1
35849,481393.38
35850,463340.6
35851,883047.5
35852,600339.4
35853,562212.75
35854,1.1263546e+06
35855,526550.6
35856,525942.9
35857,489528.56
35858,661306.8
35859,475827.62
35860,559092.9
35861,527279.75
35862,1.2282584e+06
35863,562086.2
35864,456603.7
35865,649214.56
35866,504484.44
35867,560897.44
35868,469900.28
35869,647517.9
35870,886655.9
35871,729816.9
35872,1.00086075e+06
35873,929055.0
35874,411871.34
35875,567522.7
35876,483378.9
35877,476513.78
35878,595000.94
35879,533125.94
35880,967979.8
35881,393451.34
35882,723191.9
35883,601564.7
35884,484860.5
35885,580655.44
35886,480829.5
35887,472058.06
35888,1.2261611e+06
35889,809683.3
35890,1.186426e+06
35891,530349.06
35892,514610.7
35893,525551.8
35894,808094.2
35895,534919.6
35896,399005.25
35897,560791.0
35898,534677.4
35899,753531.9
35900,511823.78
35901,712331.6
35902,453057.72
35903,506350.75
35904,518225.6
35905,842547.06
35906,1.2100951e+06
35907,740529.0
35908,870910.56
35909,792712.9
35910,618923.9
35911,557014.1
35912,498087.53
35913,1.0561694e+06
35914,545010.9
35915,536643.1
35916,551745.7
35917,486352.16
35918,747871.06
35919,848091.8
35920,541090.94
35921,545479.9
35922,506043.72
35923,544710.5
35924,427138.4
35925,1.2783554e+06
35926,550024.56
35927,619196.6
35928,478250.2
35929,529594.94
35930,553942.6
35931,650922.56
35932,520440.94
35933,565090.75
35934,472382.3
35935,794870.4
35936,1.1368029e+06
35937,611072.94
35938,503774.8
35939,440413.66
35940,588456.6
35941,1.2201258e+06
35942,465063.56
35943,537498.5
35944,498235.28
35945,546726.2
35946,546518.7
35947,1.159179e+06
35948,433102.53
35949,543381.75
35950,991307.25
35951,654626.6
35952,566888.7
35953,759281.1
35954,536490.1
35955,944797.6
35956,513559.53
35957,564012.3
35958,862130.3
35959,459710.28
35960,1.0259272e+06
35961,483540.75
35962,1.3175255e+06
35963,696182.25
35964,523622.7
35965,551179.25
35966,807139.1
35967,1.2131421e+06
35968,855529.7
35969,634307.4
35970,1.2353055e+06
35971,804046.06
35972,467073.5
35973,509989.8
35974,630393.56
35975,484260.66
35976,555584.9
35977,587492.75
35978,525285.75
35979,747334.2
35980,1.1711676e+06
35981,600018.9
35982,887314.8
35983,1.1563304e+06
35984,1.4529358e+06
35985,1.0068307e+06
35986,523054.22
35987,437100.94
35988,1.3067251e+06
35989,1.2005178e+06
35990,744324.8
35991,1.2004548e+06
35992,640409.4
35993,569453.25
35994,591316.7
35995,561046.2
35996,571697.3
35997,1.0516074e+06
35998,575751.7
35999,988684.44
36000,823770.0
36001,551065.2
36002,1.2093232e+06
36003,975463.9
36004,1.1672705e+06
36005,567432.3
36006,1.186426e+06
36007,469907.03
36008,480577.34
36009,699377.06
36010,1.02576575e+06
36011,1.3003628e+06
36012,690738.8
36013,476295.72
36014,538436.9
36015,601647.9
36016,523217.88
36017,1.0730769e+06
36018,529664.1
36019,646293.25
36020,827571.6
36021,1.1758322e+06
36022,1.1365894e+06
36023,612670.6
36024,595343.2
36025,741449.1
36026,744758.6
36027,549525.94
36028,565146.25
36029,746285.8
36030,584907.1
36031,583530.44
36032,643994.7
36033,541010.44
36034,615921.44
36035,577662.3
36036,530992.8
36037,646479.44
36038,547569.94
36039,619178.9
36040,691285.8
36041,563881.6
36042,682565.8
36043,686934.56
36044,1.0866034e+06
36045,475812.66
36046,462007.16
36047,828549.3
36048,528330.25
36049,552793.25
36050,1.1025504e+06
36051,610862.6
36052,571977.06
36053,607516.8
36054,612670.6
36055,466765.34
36056,1.2081302e+06
36057,496351.06
36058,506038.9
36059,542779.94
36060,675596.8
36061,568034.94
36062,1.112485e+06
36063,593911.3
36064,481292.4
36065,1.03924875e+06
36066,450565.06
36067,1.0910986e+06
36068,524283.28
36069,514253.53
36070,596989.75
36071,576728.2
36072,543652.9
36073,1.2073711e+06
36074,580088.6
36075,623090.25
36076,554371.25
36077,1.1426691e+06
36078,392368.8
36079,1.1563292e+06
36080,728834.06
36081,370009.7
36082,526506.94
36083,572318.7
36084,487445.22
36085,549087.5
36086,577790.2
36087,566819.5
36088,1.0296774e+06
36089,798105.5
36090,527479.44
36091,594113.56
36092,1.2048924e+06
36093,916623.94
36094,463456.8
36095,560879.25
36096,1.1286729e+06
36097,543890.4
36098,625215.25
36099,488280.84
36100,857096.0
36101,854771.25
36102,1.2940868e+06
36103,572229.7
36104,431247.03
36105,1.1670045e+06
36106,714835.25
36107,1.4540821e+06
36108,612376.8
36109,571571.4
36110,568316.7
36111,517228.22
36112,400717.8
36113,688177.75
36114,1.1819844e+06
36115,582294.6
36116,429886.22
36117,518377.3
36118,585334.56
36119,518901.62
36120,590020.5
36121,498083.28
36122,484404.78
36123,671307.8
36124,711118.7
36125,381711.75
36126,859741.9
36127,691103.2
36128,392356.47
36129,592164.9
36130,1.1481636e+06
36131,568644.7
36132,1.1473099e+06
36133,528449.7
36134,712383.25
36135,1.2147468e+06
36136,971146.75
36137,564285.06
36138,716349.6
36139,454441.16
36140,440974.72
36141,605903.06
36142,586223.94
36143,566647.06
36144,432945.22
36145,1.1949196e+06
36146,448588.53
36147,539424.7
36148,546326.94
36149,617673.2
36150,540900.56
36151,475153.3
36152,1.1760408e+06
36153,745354.06
36154,1.6148112e+06
36155,761085.56
36156,1.2115512e+06
36157,448113.9
36158,652790.0
36159,562149.5
36160,680953.4
36161,488781.22
36162,459932.62
36163,601500.44
36164,530737.6
36165,543844.2
36166,810775.9
36167,593659.9
36168,528872.2
36169,460114.7
36170,1.195745e+06
36171,1.1550079e+06
36172,589836.56
36173,1.2200129e+06
36174,787666.9
36175,804470.2
36176,453707.16
36177,485901.1
36178,1.1088381e+06
36179,601248.1
36180,500367.12
36181,440128.12
36182,1.0612278e+06
36183,497778.4
36184,1.2965748e+06
36185,585942.8
36186,778770.94
36187,610507.94
36188,592232.6
36189,1.01529075e+06
36190,544309.1
36191,472992.22
36192,1.147393e+06
36193,1.7702924e+06
36194,609616.0
36195,556639.2
36196,545394.56
36197,794146.0
36198,806890.5
36199,1.2365868e+06
36200,626548.7
36201,563783.75
36202,692427.94
36203,471035.44
36204,1.0963316e+06
36205,582833.0
36206,1.058634e+06
36207,548611.7
36208,1.1210029e+06
36209,486671.38
36210,481337.84
36211,1.1987216e+06
36212,572087.8
36213,522768.97
36214,846755.94
36215,1.1554375e+06
36216,465099.94
36217,429423.22
36218,630273.94
36219,481928.06
36220,592013.56
36221,533696.7
36222,596457.6
36223,566786.0
36224,848221.25
36225,436855.47
36226,456113.22
36227,572471.5
36228,428128.6
36229,662369.06
36230,477664.47
36231,465712.44
36232,609331.8
36233,495053.4
36234,607636.2
36235,528051.2
36236,1.1968939e+06
36237,480506.78
36238,582983.06
36239,545499.7
36240,501668.66
36241,498010.6
36242,1.1589712e+06
36243,1.0978508e+06
36244,599346.3
36245,444662.28
36246,591634.25
36247,1.1219259e+06
36248,494745.7
36249,1.0761781e+06
36250,762328.5
36251,487680.03
36252,582937.5
36253,1.0029408e+06
36254,531913.2
36255,464718.2
36256,436888.4
36257,520429.03
36258,548079.9
36259,538687.0
36260,667572.4
36261,492299.2
36262,613467.56
36263,441582.4
36264,680619.6
36265,519197.12
36266,1.1503172e+06
36267,918394.06
36268,1.0108976e+06
36269,545825.94
36270,447013.53
36271,970708.75
36272,415199.47
36273,590633.6
36274,539064.7
36275,482547.1
36276,482180.47
36277,624668.1
36278,502015.66
36279,538341.9
36280,560839.7
36281,462472.66
36282,481108.84
36283,496623.34
36284,1.28607e+06
36285,540734.5
36286,511923.88
36287,844972.4
36288,430540.62
36289,625157.4
36290,1.1222811e+06
36291,501905.53
36292,953805.56
36293,1.2068462e+06
36294,1.0368768e+06
36295,520635.06
36296,537735.9
36297,763212.3
36298,1.1903451e+06
36299,577061.06
36300,502551.66
36301,550293.2
36302,777794.94
36303,1.162324e+06
36304,794577.8
36305,525894.75
36306,847048.3
36307,499407.94
36308,883215.1
36309,1.1324088e+06
36310,452909.1
36311,552080.94
36312,594470.6
36313,814561.06
36314,730074.44
36315,796865.0
36316,544893.44
36317,529374.3
36318,481760.8
36319,592570.5
36320,605787.5
36321,648602.56
36322,687172.4
36323,522429.56
36324,1.1869388e+06
36325,908833.44
36326,498274.25
36327,543840.56
36328,1.1737886e+06
36329,500574.25
36330,450105.53
36331,475816.28
36332,477947.88
36333,529897.56
36334,596417.25
36335,561041.4
36336,822969.8
36337,1.2689334e+06
36338,432933.66
36339,578733.2
36340,534253.8
36341,521405.22
36342,1.4395078e+06
36343,563354.9
36344,571780.75
36345,667627.1
36346,543995.2
36347,588343.25
36348,745413.06
36349,1.0814271e+06
36350,2.5078905e+06
36351,519305.1
36352,491789.6
36353,563584.3
36354,534927.8
36355,572984.94
36356,563774.06
36357,593498.56
36358,1.5140465e+06
36359,591836.9
36360,442655.47
36361,905446.56
36362,1.1899989e+06
36363,539680.44
36364,518091.66
36365,538979.4
36366,810532.4
36367,786751.0
36368,823583.0
36369,586253.56
36370,468584.62
36371,588882.75
36372,599436.6
36373,1.0849301e+06
36374,831694.56
36375,464567.53
36376,465646.28
36377,1.04429975e+06
36378,910082.44
36379,1.0490231e+06
36380,1.2040641e+06
36381,535308.5
36382,836464.8
36383,537470.8
36384,504088.16
36385,1.01914106e+06
36386,454936.34
36387,549166.56
36388,560712.4
36389,921536.7
36390,561809.7
36391,531918.8
36392,505476.03
36393,1.8174122e+06
36394,476238.94
36395,615087.94
36396,523019.8
36397,483281.2
36398,556522.44
36399,1.1285652e+06
36400,810532.4
36401,528482.44
36402,547670.75
36403,595538.0
36404,908903.7
36405,579210.8
36406,1.1334438e+06
36407,1.01130456e+06
36408,662027.44
36409,566005.44
36410,883599.25
36411,507192.66
36412,826544.7
36413,557978.0
36414,559172.3
36415,564422.3
36416,574226.7
36417,1.1597574e+06
36418,443405.84
36419,467736.78
36420,530709.3
36421,613967.94
36422,1.0168392e+06
36423,917487.1
36424,733573.8
36425,508266.16
36426,508566.28
36427,480507.7
36428,970611.56
36429,526881.7
36430,696447.2
36431,428969.28
36432,1.0757091e+06
36433,1.085196e+06
36434,595538.0
36435,498152.62
36436,469115.8
36437,606776.25
36438,1.2405082e+06
36439,580337.6
36440,539514.2
36441,572544.1
36442,1.156143e+06
36443,1.1701851e+06
36444,521274.97
36445,1.1565035e+06
36446,552927.2
36447,774113.4
36448,1.162742e+06
36449,2.9612915e+06
36450,561825.25
36451,1.1598901e+06
36452,528751.7
36453,1.1464775e+06
36454,452461.84
36455,523413.5
36456,554221.6
36457,581496.06
36458,1.5673751e+06
36459,629363.94
36460,1.2069959e+06
36461,505129.53
36462,589771.9
36463,480038.7
36464,1.1541655e+06
36465,568219.1
36466,563697.2
36467,486130.06
36468,509959.2
36469,545920.7
36470,1.1189906e+06
36471,820893.4
36472,519627.1
36473,500572.8
36474,505475.53
36475,512793.12
36476,540612.8
36477,494354.22
36478,487135.72
36479,486152.75
36480,608000.2
36481,623801.94
36482,566036.25
36483,463984.4
36484,531805.7
36485,2.646911e+06
36486,488044.34
36487,932820.2
36488,547551.1
36489,587107.94
36490,614864.5
36491,972957.25
36492,645066.6
36493,524531.8
36494,835543.2
36495,532436.44
36496,563467.7
36497,495490.3
36498,552198.9
36499,1.1495288e+06
36500,560152.25
36501,585685.25
36502,616486.8
36503,442463.88
36504,526636.5
36505,492453.7
36506,1.1158874e+06
36507,722087.8
36508,601872.25
36509,578063.0
36510,1.6726555e+06
36511,540612.8
36512,541696.56
36513,1.2219342e+06
36514,626970.06
36515,1.1279766e+06
36516,456718.66
36517,532822.0
36518,1.2318186e+06
36519,536738.8
36520,521226.25
36521,525679.6
36522,496387.53
36523,544973.94
36524,750434.5
36525,537727.7
36526,808732.5
36527,563346.25
36528,418909.94
36529,1.116837e+06
36530,1.7263571e+06
36531,468761.2
36532,546433.25
36533,622391.8
36534,1.2726782e+06
36535,1.4028611e+06
36536,535632.25
36537,477312.44
36538,1.1803488e+06
36539,545093.5
36540,641881.1
36541,519652.88
36542,556309.6
36543,689581.7
36544,794927.25
36545,524675.94
36546,365386.56
36547,842825.1
36548,1.1264255e+06
36549,551969.3
36550,592013.56
36551,463082.16
36552,439851.62
36553,545059.75
36554,1.1928554e+06
36555,538979.4
36556,597089.4
36557,593123.44
36558,495933.28
36559,434924.16
36560,584302.25
36561,521489.75
36562,659993.2
36563,574999.94
36564,550929.6
36565,827880.3
36566,397742.75
36567,535215.6
36568,1.1730679e+06
36569,522444.03
36570,545503.3
36571,1.1564561e+06
36572,413967.88
36573,454673.94
36574,454975.4
36575,843890.06
36576,647157.4
36577,743348.0
36578,1.040157e+06
36579,511380.28
36580,581796.7
36581,471530.75
36582,512047.88
36583,544453.44
36584,565611.0
36585,708850.44
36586,1.1207314e+06
36587,1.1838276e+06
36588,1.1776401e+06
36589,579314.6
36590,564186.06
36591,528131.8
36592,527821.1
36593,674786.75
36594,661751.56
36595,624486.44
36596,517975.06
36597,474100.03
36598,425637.5
36599,523696.1
36600,521757.4
36601,517651.12
36602,684644.8
36603,586944.44
36604,1.2073528e+06
36605,1.1025261e+06
36606,526489.4
36607,884097.44
36608,444598.7
36609,1.0923898e+06
36610,445929.9
36611,887405.4
36612,971482.06
36613,962927.8
36614,725143.56
36615,1.098475e+06
36616,522346.88
36617,542029.4
36618,426909.53
36619,1.1528762e+06
36620,477679.5
36621,529951.1
36622,1.4094778e+06
36623,1.0004408e+06
36624,897829.9
36625,1.0803778e+06
36626,865730.0
36627,554510.8
36628,527416.56
36629,594847.2
36630,523101.62
36631,522489.84
36632,529725.25
36633,626833.2
36634,1.1979479e+06
36635,1.073256e+06
36636,995779.5
36637,1.1791865e+06
36638,543631.6
36639,501330.06
36640,410978.7
36641,541816.94
36642,1.0738365e+06
36643,546957.2
36644,531935.0
36645,685155.6
36646,874513.5
36647,1.1697255e+06
36648,610381.56
36649,749333.9
36650,521980.34
36651,560590.5
36652,1.1321766e+06
36653,590808.8
36654,1.3534535e+06
36655,562971.94
36656,1.0602182e+06
36657,538578.06
36658,406786.84
36659,515674.78
36660,515902.03
36661,1.1886118e+06
36662,482280.25
36663,1.1648141e+06
36664,857030.6
36665,558025.4
36666,483699.4
36667,511371.03
36668,448745.12
36669,897738.25
36670,541731.2
36671,582174.1
36672,727200.4
36673,553559.25
36674,1.1080506e+06
36675,497461.4
36676,821929.8
36677,1.1362524e+06
36678,506944.1
36679,681772.1
36680,552989.94
36681,677776.1
36682,1.2423955e+06
36683,736662.7
36684,595443.1
36685,561191.2
36686,887131.2
36687,978267.1
36688,561477.06
36689,544994.25
36690,475910.22
36691,990259.4
36692,1.1366414e+06
36693,495184.66
36694,489512.22
36695,961769.56
36696,765355.94
36697,1.2118551e+06
36698,722335.8
36699,543502.5
36700,457870.0
36701,515129.2
36702,436768.84
36703,527464.9
36704,583367.94
36705,1.1031635e+06
36706,559590.06
36707,463216.0
36708,755290.25
36709,538931.56
36710,538454.3
36711,491625.47
36712,512447.0
36713,579494.8
36714,582940.8
36715,615618.44
36716,475487.88
36717,697934.56
36718,508736.56
36719,1.1610621e+06
36720,588071.2
36721,534255.4
36722,573697.94
36723,443921.62
36724,637691.9
36725,571285.8
36726,565613.2
36727,638693.06
36728,842249.06
36729,455212.38
36730,792189.9
36731,539495.2
36732,645456.2
36733,480835.44
36734,948575.94
36735,1.1329985e+06
36736,854694.6
36737,1.6960302e+06
36738,659291.75
36739,739845.7
36740,479077.78
36741,587993.8
36742,1.5420602e+06
36743,517910.84
36744,908426.2
36745,515996.03
36746,807946.2
36747,1.063553e+06
36748,2.1580515e+06
36749,605340.5
36750,1.0516646e+06
36751,565145.2
36752,793060.7
36753,507084.8
36754,703318.0
36755,493729.47
36756,563864.44
36757,1.270613e+06
36758,390825.3
36759,523696.1
36760,549507.06
36761,882217.56
36762,1.1632721e+06
36763,409725.62
36764,1.0488571e+06
36765,577875.0
36766,911297.44
36767,448538.47
36768,1.1224096e+06
36769,911877.3
36770,1.05775e+06
36771,462620.44
36772,784260.94
36773,1.0684164e+06
36774,530028.0
36775,1.0549896e+06
36776,503832.0
36777,895216.1
36778,933134.3
36779,661062.75
36780,494963.25
36781,507421.5
36782,541898.6
36783,771717.8
36784,548722.6
36785,843189.4
36786,537665.1
36787,591516.3
36788,616623.8
36789,570662.4
36790,517300.25
36791,566036.25
36792,881229.5
36793,520123.88
36794,438822.16
36795,888571.44
36796,1.1698214e+06
36797,1.0092822e+06
36798,882082.94
36799,683499.9
36800,468664.62
36801,550142.6
36802,552954.56
36803,966981.5
36804,527750.7
36805,369349.34
36806,602342.56
36807,575750.56
36808,445983.5
36809,1.1121105e+06
36810,561429.44
36811,795145.6
36812,472599.5
36813,546174.8
36814,1.0677248e+06
36815,1.6759368e+06
36816,480153.6
36817,446824.72
36818,489176.66
36819,473252.56
36820,529723.75
36821,465006.8
36822,1.0521431e+06
36823,474280.0
36824,310542.12
36825,1.1009239e+06
36826,431128.6
36827,565359.7
36828,588798.5
36829,549019.4
36830,1.1959298e+06
36831,1.049969e+06
36832,503402.12
36833,940596.44
36834,566445.56
36835,446084.75
36836,515744.12
36837,657348.0
36838,736875.56
36839,1.1749579e+06
36840,671904.75
36841,1.080587e+06
36842,1.0735089e+06
36843,462112.9
36844,584671.8
36845,520571.5
36846,678332.9
36847,482031.5
36848,653685.9
36849,599135.44
36850,1.063971e+06
36851,514192.22
36852,427718.84
36853,542018.5
36854,1.1534778e+06
36855,572513.56
36856,492230.2
36857,578466.7
36858,520612.72
36859,515722.0
36860,1.1067009e+06
36861,451207.9
36862,598986.3
36863,679887.25
36864,1.1369515e+06
36865,493751.6
36866,574709.4
36867,552696.25
36868,726389.44
36869,450657.9
36870,574364.75
36871,526700.8
36872,960500.06
36873,1.2635718e+06
36874,706528.75
36875,643488.2
36876,440358.62
36877,591474.06
36878,1.1460414e+06
36879,594314.2
36880,461373.56
36881,1.1201779e+06
36882,704188.5
36883,493103.62
36884,595588.56
36885,480426.12
36886,552374.8
36887,1.0235993e+06
36888,537126.44
36889,518131.7
36890,645995.6
36891,482331.3
36892,434046.53
36893,513269.2
36894,532786.44
36895,1.2148858e+06
36896,534373.56
36897,956745.4
36898,605345.1
36899,623263.75
36900,535291.7
36901,517653.6
36902,492338.62
36903,1.0893072e+06
36904,457617.25
36905,471477.22
36906,502413.66
36907,547319.9
36908,1.1536076e+06
36909,1.0831385e+06
36910,582831.3
36911,488336.72
36912,1.1685971e+06
36913,1.1924608e+06
36914,514384.0
36915,539024.6
36916,1.8310866e+06
36917,538894.06
36918,595469.8
36919,547803.44
36920,502946.75
36921,596817.25
36922,636739.0
36923,548035.94
36924,794040.75
36925,999375.7
36926,534956.4
36927,1.0895774e+06
36928,480928.1
36929,432335.78
36930,1.1234462e+06
36931,646705.75
36932,595455.6
36933,951094.2
36934,765382.94
36935,1.0818089e+06
36936,845456.8
36937,693731.4
36938,530256.0
36939,529486.9
36940,1.1136219e+06
36941,513027.44
36942,425589.6
36943,501337.7
36944,894193.06
36945,962660.6
36946,475079.47
36947,459871.22
36948,899003.7
36949,1.1836256e+06
36950,506122.88
36951,1.0153547e+06
36952,625575.5
36953,1.142242e+06
36954,518505.38
36955,533276.44
36956,539194.8
36957,569420.1
36958,529329.9
36959,579183.2
36960,905973.44
36961,630030.56
36962,575295.56
36963,598693.3
36964,1.1441805e+06
36965,568398.0
36966,577653.0
36967,575842.25
36968,532063.9
36969,530955.8
36970,576464.8
36971,1.335703e+06
36972,514384.0
36973,1.1662869e+06
36974,1.382684e+06
36975,547957.56
36976,868805.1
36977,525403.94
36978,818332.75
36979,492332.53
36980,534532.56
36981,467143.44
36982,536276.8
36983,551556.8
36984,538979.4
36985,487768.88
36986,526604.9
36987,1.1698214e+06
36988,893898.94
36989,427362.1
36990,464580.38
36991,902289.06
36992,1.0580062e+06
36993,527542.8
36994,645074.6
36995,557076.8
36996,1.02848106e+06
36997,1.163918e+06
36998,1.1597452e+06
36999,583753.06
37000,1.0961016e+06
37001,591879.75
37002,549593.56
37003,701467.2
37004,1.1265738e+06
37005,528311.1
37006,778621.7
37007,609271.4
37008,425194.88
37009,511210.6
37010,549596.7
37011,570134.7
37012,543164.7
37013,609788.1
37014,531654.56
37015,664603.3
37016,512232.03
37017,1.06312e+06
37018,620886.56
37019,504994.2
37020,436049.25
37021,1.0642724e+06
37022,528337.3
37023,466894.03
37024,975539.25
37025,812354.75
37026,451658.25
37027,825940.3
37028,481531.12
37029,1.1674386e+06
37030,562003.7
37031,563079.9
37032,1.1055269e+06
37033,2.390245e+06
37034,1.1085675e+06
37035,1.1132491e+06
37036,1.072507e+06
37037,822024.6
37038,438869.47
37039,534893.6
37040,614741.94
37041,1.0672056e+06
37042,471876.66
37043,810532.4
37044,1.1765804e+06
37045,562946.7
37046,559899.1
37047,1.1285599e+06
37048,535802.44
37049,487956.84
37050,571457.5
37051,794139.94
37052,548561.44
37053,618505.5
37054,765857.56
37055,515516.47
37056,514594.0
37057,494532.0
37058,545591.75
37059,596371.2
37060,546004.0
37061,503125.7
37062,535169.7
37063,1.1134402e+06
37064,1.2412408e+06
37065,589236.6
37066,537122.9
37067,637201.25
37068,841704.6
37069,574367.44
37070,564002.1
37071,1.0861941e+06
37072,611502.56
37073,547362.7
37074,799150.44
37075,550899.1
37076,1.6181781e+06
37077,567548.1
37078,463696.88
37079,826410.7
37080,433993.16
37081,479685.38
37082,682371.2
37083,442984.47
37084,682371.2
37085,472366.53
37086,515351.28
37087,636610.25
37088,1.1850205e+06
37089,1.1100242e+06
37090,658388.2
37091,555322.1
37092,507924.53
37093,492568.28
37094,1.1228132e+06
37095,423292.5
37096,497665.9
37097,620383.5
37098,547977.44
37099,467152.34
37100,592359.75
37101,587579.0
37102,868554.94
37103,550965.9
37104,808522.0
37105,1.0832325e+06
37106,539972.8
37107,507352.3
37108,896828.6
37109,609445.1
37110,578422.56
37111,545137.7
37112,611322.44
37113,532666.0
37114,515521.38
37115,1.1809264e+06
37116,544994.25
37117,478163.06
37118,479685.38
37119,1.75845e+06
37120,496647.47
37121,555171.2
37122,792152.1
37123,722667.9
37124,512568.72
37125,1.0950766e+06
37126,615473.44
37127,513445.94
37128,608904.8
37129,551933.56
37130,492225.47
37131,756248.9
37132,560239.9
37133,573774.0
37134,1.0552381e+06
37135,506891.88
37136,539173.2
37137,553159.75
37138,556661.5
37139,555117.2
37140,667231.25
37141,539961.5
37142,531648.5
37143,1.4784095e+06
37144,839333.56
37145,447167.47
37146,508575.0
37147,476216.7
37148,518032.88
37149,550103.25
37150,704312.75
37151,1.1919878e+06
37152,1.2847032e+06
37153,560610.25
37154,1.1711274e+06
37155,1.2401499e+06
37156,1.0560092e+06
37157,1.169247e+06
37158,504986.5
37159,560487.9
37160,611115.5
37161,613355.8
37162,791641.6
37163,541434.2
37164,1.1126399e+06
37165,1.0341492e+06
37166,371758.75
37167,492384.66
37168,691046.5
37169,1.1918081e+06
37170,955883.56
37171,1.1649774e+06
37172,557381.3
37173,445930.34
37174,591682.75
37175,1.0875644e+06
37176,791552.5
37177,674786.75
37178,577864.0
37179,538979.4
37180,533880.5
37181,527844.3
37182,1.0412299e+06
37183,564818.6
37184,521320.7
37185,570850.1
37186,897130.56
37187,471885.22
37188,611314.8
37189,505645.75
37190,533556.25
37191,765377.9
37192,639584.2
37193,873603.25
37194,489431.0
37195,874508.5
37196,498093.72
37197,551151.94
37198,1.8594148e+06
37199,545939.44
37200,494752.75
37201,1.1711274e+06
37202,1.3612772e+06
37203,621486.7
37204,571158.4
37205,811437.25
37206,1.154629e+06
37207,531980.7
37208,667937.3
37209,491497.0
37210,1.13374e+06
37211,892301.94
37212,1.1961704e+06
37213,464656.6
37214,1.1413524e+06
37215,693910.0
37216,686462.4
37217,523763.53
37218,562063.7
37219,577736.7
37220,598432.44
37221,408611.56
37222,1.1808295e+06
37223,603722.8
37224,632792.6
37225,509199.12
37226,1.1774941e+06
37227,999830.4
37228,457788.34
37229,539292.0
37230,554892.25
37231,557288.8
37232,1.3558602e+06
37233,488548.7
37234,629565.06
37235,889067.3
37236,634272.9
37237,547818.06
37238,507520.72
37239,527544.4
37240,413502.28
37241,522363.3
37242,621220.6
37243,608495.56
37244,522935.5
37245,485685.2
37246,479332.34
37247,564282.94
37248,679305.9
37249,718003.44
37250,936989.3
37251,533575.06
37252,508671.06
37253,437055.9
37254,570790.25
37255,1.207939e+06
37256,751886.56
37257,573443.56
37258,447089.88
37259,997697.75
37260,760509.5
37261,529790.94
37262,893247.0
37263,501189.97
37264,452682.4
37265,567376.0
37266,1.0741222e+06
37267,733445.06
37268,450562.06
37269,559941.3
37270,541355.75
37271,663807.75
37272,571418.8
37273,471385.97
37274,413826.56
37275,578190.9
37276,681526.4
37277,496283.38
37278,555680.75
37279,612317.25
37280,479481.4
37281,738802.2
37282,1.1128288e+06
37283,516425.8
37284,800974.0
37285,470401.12
37286,498656.47
37287,1.1334276e+06
37288,524845.06
37289,558614.25
37290,479465.84
37291,496694.38
37292,1.080282e+06
37293,479398.2
37294,1.147856e+06
37295,574851.3
37296,1.03196794e+06
37297,485763.47
37298,570196.1
37299,568954.94
37300,935512.5
37301,488164.44
37302,637975.3
37303,683931.56
37304,505544.0
37305,559199.0
37306,484256.03
37307,495189.4
37308,630664.1
37309,599984.5
37310,515825.78
37311,586400.6
37312,497823.5
37313,571209.0
37314,1.2181271e+06
37315,570802.25
37316,659724.44
37317,829102.6
37318,522702.66
37319,538749.1
37320,663099.7
37321,566800.06
37322,611082.25
37323,972575.0
37324,518129.22
37325,577624.9
37326,528855.06
37327,800467.7
37328,563625.7
37329,559129.1
37330,583877.2
37331,516156.97
37332,1.2621578e+06
37333,574401.94
37334,523251.78
37335,548774.44
37336,516418.9
37337,828927.06
37338,523251.78
37339,451494.16
37340,794070.3
37341,509915.4
37342,566153.94
37343,457701.47
37344,670882.25
37345,507572.5
37346,480013.5
37347,1.0780939e+06
37348,511104.34
37349,1.2040021e+06
37350,553160.8
37351,572415.25
37352,478282.1
37353,538329.0
37354,553213.56
37355,598361.7
37356,914494.3
37357,610010.3
37358,528743.6
37359,516439.6
37360,596507.1
37361,543360.5
37362,1.1812665e+06
37363,590391.44
37364,451302.6
37365,528673.0
37366,571430.75
37367,1.1836561e+06
37368,574591.0
37369,553041.6
37370,999557.75
37371,548429.6
37372,1.0420941e+06
37373,578715.5
37374,853294.6
37375,529307.6
37376,1.0665605e+06
37377,518337.78
37378,543821.94
37379,492346.62
37380,852805.7
37381,499581.8
37382,575146.9
37383,557624.8
37384,482919.06
37385,592553.5
37386,1.1413512e+06
37387,576446.1
37388,587809.4
37389,596052.75
37390,613602.1
37391,548163.5
37392,622942.9
37393,568540.56
37394,494433.44
37395,902797.75
37396,527170.7
37397,428612.7
37398,1.0522002e+06
37399,1.077283e+06
37400,511588.1
37401,642983.94
37402,1.1783141e+06
37403,605052.5
37404,547352.25
37405,556140.44
37406,490437.4
37407,491755.34
37408,484557.72
37409,1.1687375e+06
37410,536948.75
37411,495043.03
37412,394652.78
37413,505518.94
37414,433622.47
37415,1.0466418e+06
37416,407743.88
37417,427715.6
37418,738969.94
37419,545748.94
37420,513671.72
37421,909168.06
37422,777564.25
37423,493506.8
37424,817066.3
37425,511833.56
37426,538684.4
37427,516203.25
37428,920696.94
37429,836686.6
37430,499089.88
37431,503670.1
37432,533858.56
37433,1.1230135e+06
37434,636961.9
37435,429264.75
37436,510331.84
37437,493376.9
37438,615367.8
37439,1.2033938e+06
37440,595214.4
37441,516149.6
37442,624495.4
37443,479598.47
37444,967737.06
37445,480061.1
37446,832986.06
37447,529263.25
37448,634713.44
37449,585165.44
37450,608444.5
37451,852475.5
37452,519410.1
37453,649389.2
37454,535853.0
37455,835762.3
37456,508676.38
37457,472661.72
37458,491098.75
37459,1.2933785e+06
37460,1.2244714e+06
37461,629000.3
37462,498714.0
37463,501256.44
37464,1.7449869e+06
37465,530104.8
37466,576474.2
37467,971892.6
37468,532947.5
37469,671926.56
37470,526774.6
37471,544558.9
37472,476442.44
37473,549141.94
37474,533696.2
37475,1.284223e+06
37476,630305.2
37477,535145.7
37478,511717.88
37479,435154.4
37480,993894.4
37481,1.150224e+06
37482,483482.2
37483,1.0980466e+06
37484,1.454752e+06
37485,538999.94
37486,689376.56
37487,494677.28
37488,564012.3
37489,548783.3
37490,1.6592574e+06
37491,481407.62
37492,560722.56
37493,475743.22
37494,513258.4
37495,1.1304805e+06
37496,439425.62
37497,621815.75
37498,525111.44
37499,706555.7
37500,478282.1
37501,452510.62
37502,451514.84
37503,1.160285e+06
37504,822731.25
37505,485872.34
37506,1.0858979e+06
37507,1.1206438e+06
37508,1.3506284e+06
37509,1.0072523e+06
37510,522778.44
37511,571980.94
37512,480965.7
37513,999394.75
37514,1.116788e+06
37515,568675.06
37516,435276.84
37517,533974.2
37518,624572.2
37519,481682.25
37520,480321.7
37521,1.0460062e+06
37522,475608.03
37523,471694.0
37524,459965.94
37525,563860.6
37526,1.098452e+06
37527,531989.3
37528,460027.38
37529,424959.75
37530,796315.0
37531,1.1611718e+06
37532,959817.0
37533,540189.2
37534,575599.06
37535,796339.3
37536,1.1278981e+06
37537,739948.0
37538,625053.7
37539,875026.56
37540,438863.2
37541,543821.94
37542,543548.7
37543,533489.06
37544,1.1738368e+06
37545,572788.25
37546,925592.7
37547,536613.44
37548,519960.22
37549,506605.78
37550,558614.8
37551,542593.1
37552,492647.22
37553,1.0689851e+06
37554,1.378321e+06
37555,595002.6
37556,620233.8
37557,546997.9
37558,555585.4
37559,534853.9
37560,519938.9
37561,693071.4
37562,559217.1
37563,559486.0
37564,630785.6
37565,1.182265e+06
37566,1.355506e+06
37567,1.1502438e+06
37568,557858.8
37569,957140.56
37570,678145.94
37571,1.1737561e+06
37572,571085.94
37573,539846.7
37574,1.1768789e+06
37575,539931.6
37576,910247.3
37577,1.1088582e+06
37578,903371.3
37579,869732.75
37580,603231.3
37581,457154.0
37582,1.1247916e+06
37583,593266.0
37584,597614.06
37585,528928.7
37586,520467.75
37587,644298.75
37588,476227.12
37589,622273.7
37590,566421.25
37591,1.1713296e+06
37592,532859.6
37593,479305.38
37594,567674.75
37595,495046.3
37596,588070.6
37597,561431.0
37598,535826.94
37599,1.4821859e+06
37600,567522.1
37601,497174.44
37602,1.1610931e+06
37603,1.1207666e+06
37604,2.2554628e+06
37605,1.2266079e+06
37606,898660.8
37607,552428.0
37608,1.1130348e+06
37609,541709.0
37610,467020.94
37611,541640.8
37612,1.0050933e+06
37613,583563.25
37614,538906.4
37615,712276.56
37616,501627.03
37617,557372.25
37618,1.2293389e+06
37619,417913.94
37620,503918.97
37621,644975.0
37622,641438.06
37623,401641.03
37624,514127.0
37625,1.1342668e+06
37626,945259.06
37627,653874.2
37628,421682.84
37629,857904.8
37630,543821.94
37631,574971.94
37632,562334.44
37633,489905.44
37634,607429.3
37635,1.128562e+06
37636,825467.9
37637,487467.56
37638,565029.8
37639,562962.25
37640,478282.1
37641,1.1501845e+06
37642,646929.7
37643,513914.75
37644,903094.8
37645,1.1343705e+06
37646,1.1742622e+06
37647,1.1449075e+06
37648,625218.25
37649,590736.1
37650,844621.94
37651,517750.34
37652,609835.25
37653,560625.25
37654,573758.1
37655,638875.8
37656,578312.25
37657,686447.3
37658,544862.25
37659,442944.34
37660,569943.9
37661,593044.25
37662,483484.97
37663,594117.56
37664,556031.7
37665,1.5850904e+06
37666,562165.56
37667,597564.44
37668,514478.7
37669,1.0219324e+06
37670,648135.06
37671,682932.4
37672,624135.2
37673,410617.88
37674,426398.06
37675,572109.7
37676,563916.56
37677,468349.62
37678,451398.16
37679,628631.5
37680,1.0848204e+06
37681,968914.5
37682,2.041344e+06
37683,506405.3
37684,1.0409142e+06
37685,533115.75
37686,3.8804392e+06
37687,550029.8
37688,523701.1
37689,478780.0
37690,540358.2
37691,448981.0
37692,577804.5
37693,575236.9
37694,1.0645089e+06
37695,914377.44
37696,531590.7
37697,1.1780108e+06
37698,555261.2
37699,617469.4
37700,468768.78
37701,569059.7
37702,424019.75
37703,528359.0
37704,1.127996e+06
37705,514927.8
37706,510314.34
37707,459226.53
37708,551790.4
37709,793521.44
37710,1.2762881e+06
37711,624942.8
37712,1.0750671e+06
37713,545051.94
37714,506836.78
37715,624211.94
37716,624366.2
37717,1.0706798e+06
37718,415018.16
37719,575090.44
37720,1.0779911e+06
37721,697561.25
37722,509507.1
37723,905500.06
37724,1.211096e+06
37725,507100.75
37726,469610.0
37727,912355.75
37728,539028.2
37729,1.5605724e+06
37730,1.136907e+06
37731,498797.72
37732,551919.9
37733,1.2761092e+06
37734,475946.53
37735,561283.25
37736,570030.9
37737,503853.12
37738,907445.1
37739,1.0599079e+06
37740,612299.75
37741,589564.4
37742,550930.1
37743,550577.2
37744,636063.5
37745,548728.4
37746,1.1718056e+06
37747,518071.9
37748,440466.16
37749,542015.94
37750,585350.2
37751,664432.9
37752,566533.06
37753,2.1094218e+06
37754,450469.7
37755,497098.12
37756,1.1845335e+06
37757,1.1088466e+06
37758,517128.6
37759,1.1250662e+06
37760,685309.2
37761,515521.88
37762,557622.1
37763,1.0891545e+06
37764,1.5966801e+06
37765,455814.47
37766,1.110039e+06
37767,525973.0
37768,678173.75
37769,1.0213332e+06
37770,484896.56
37771,829403.94
37772,626373.6
37773,873214.25
37774,703174.5
37775,438296.84
37776,614530.3
37777,836961.94
37778,634985.9
37779,574199.3
37780,542583.25
37781,460197.62
37782,1.1022454e+06
37783,528900.94
37784,1.1721319e+06
37785,736552.4
37786,478143.0
37787,497539.7
37788,443845.0
37789,1.2006414e+06
37790,572190.44
37791,480013.5
37792,416909.6
37793,1.1775054e+06
37794,541137.4
37795,1.0426429e+06
37796,1.1009742e+06
37797,691351.06
37798,742507.0
37799,581226.6
37800,503605.72
37801,655275.0
37802,513163.47
37803,1.1872739e+06
37804,1.1395459e+06
37805,519319.44
37806,1.0892294e+06
37807,449330.53
37808,1.0054451e+06
37809,516216.03
37810,578740.94
37811,586708.9
37812,563690.75
37813,645418.0
37814,1.1868108e+06
37815,1.1842601e+06
37816,577851.3
37817,589795.5
37818,578823.1
37819,788654.56
37820,449432.1
37821,490632.03
37822,565885.1
37823,1.1396524e+06
37824,671940.6
37825,987573.44
37826,523997.84
37827,1.1607366e+06
37828,541671.8
37829,1.5713848e+06
37830,462320.53
37831,632521.75
37832,529218.3
37833,518268.6
37834,659013.9
37835,699972.94
37836,482947.16
37837,605124.7
37838,422200.3
37839,1.1325891e+06
37840,627319.94
37841,580078.1
37842,587461.9
37843,545828.0
37844,554612.94
37845,709381.94
37846,546052.44
37847,517316.53
37848,1.03071394e+06
37849,545038.44
37850,1.2286286e+06
37851,635000.4
37852,706164.3
37853,543180.75
37854,545691.1
37855,733022.75
37856,1.1516366e+06
37857,458419.22
37858,645843.5
37859,757352.4
37860,523306.2
37861,538716.25
37862,486536.34
37863,1.1872739e+06
37864,497183.0
37865,801905.7
37866,823590.9
37867,482431.6
37868,944245.44
37869,1.5273219e+06
37870,555081.2
37871,611803.0
37872,982454.75
37873,432667.0
37874,1.2671219e+06
37875,522914.06
37876,686611.0
37877,551725.7
37878,499691.88
37879,785359.6
37880,505917.3
37881,1.1659844e+06
37882,523053.22
37883,1.1797612e+06
37884,564403.5
37885,515484.0
37886,496136.7
37887,440656.06
37888,734985.56
37889,569843.9
37890,572231.9
37891,537490.8
37892,636620.0
37893,1.1008535e+06
37894,596857.7
37895,962325.56
37896,684304.06
37897,531187.3
37898,986883.3
37899,586173.06
37900,415018.16
37901,596507.1
37902,798838.0
37903,981569.7
37904,574231.6
37905,552151.5
37906,470586.0
37907,865630.06
37908,432593.56
37909,433248.38
37910,672093.2
37911,506214.12
37912,914346.94
37913,497835.38
37914,470898.44
37915,561418.2
37916,1.7409328e+06
37917,606337.75
37918,444218.94
37919,590756.94
37920,493419.75
37921,1.0724795e+06
37922,518916.47
37923,752970.1
37924,462747.53
37925,584662.3
37926,509384.66
37927,536873.5
37928,1.330186e+06
37929,1.6349154e+06
37930,574567.44
37931,519269.44
37932,513529.66
37933,714457.0
37934,409763.53
37935,512233.5
37936,542399.1
37937,817682.9
37938,534949.25
37939,908012.2
37940,1.2253418e+06
37941,1.7344449e+06
37942,416353.34
37943,560657.3
37944,500280.75
37945,551675.1
37946,462476.62
37947,1.1663625e+06
37948,1.8224472e+06
37949,532871.8
37950,1.0157847e+06
37951,947270.56
37952,836370.7
37953,427030.47
37954,520986.22
37955,1.026301e+06
37956,493059.4
37957,522968.44
37958,602867.25
37959,526031.7
37960,496932.7
37961,505193.62
37962,503414.12
37963,1.8083788e+06
37964,618639.44
37965,532053.25
37966,517583.0
37967,524644.4
37968,531111.8
37969,521644.44
37970,631816.4
37971,974425.3
37972,489855.9
37973,517621.0
37974,937111.75
37975,423877.03
37976,486497.38
37977,541198.8
37978,603248.56
37979,492704.53
37980,993620.44
37981,492275.25
37982,488407.53
37983,800202.9
37984,515243.66
37985,465820.38
37986,1.126244e+06
37987,1.0538644e+06
37988,666751.0
37989,710312.1
37990,1.1773066e+06
37991,496932.7
37992,1.1141849e+06
37993,438384.66
37994,539347.0
37995,642676.8
37996,557900.9
37997,545455.44
37998,657282.8
37999,1.072641e+06
38000,419678.88
38001,1.00697475e+06
38002,489345.12
38003,1.1942201e+06
38004,537975.44
38005,610094.7
38006,469143.56
38007,432733.84
38008,554087.44
38009,672957.1
38010,463349.88
38011,1.1460359e+06
38012,583075.94
38013,567699.1
38014,520867.97
38015,527083.7
38016,592897.2
38017,478392.03
38018,1.0785515e+06
38019,1.1513072e+06
38020,464562.66
38021,685664.8
38022,669199.06
38023,1.7442531e+06
38024,556033.3
38025,772735.56
38026,580362.0
38027,950554.6
38028,623114.6
38029,594101.7
38030,445563.06
38031,1.1693875e+06
38032,531174.6
38033,1.166516e+06
38034,608584.4
38035,658578.5
38036,545439.8
38037,568497.2
38038,692023.25
38039,443578.84
38040,630307.0
38041,631535.06
38042,515328.7
38043,947050.2
38044,973366.5
38045,462696.34
38046,528593.9
38047,550976.94
38048,815557.56
38049,1.0097395e+06
38050,469996.66
38051,663406.5
38052,1.2262618e+06
38053,1.204357e+06
38054,1.1343121e+06
38055,623834.06
38056,1.1374991e+06
38057,451954.7
38058,439810.5
38059,1.01691875e+06
38060,530702.2
38061,711706.9
38062,581226.6
38063,1.0797639e+06
38064,904486.8
38065,924800.4
38066,576296.6
38067,611478.7
38068,973695.2
38069,1.1588718e+06
38070,892168.4
38071,575619.4
38072,1.1951042e+06
38073,587516.8
38074,556741.1
38075,768304.56
38076,456645.06
38077,577590.2
38078,1.0885606e+06
38079,515434.38
38080,826432.0
38081,1.216691e+06
38082,561114.1
38083,546524.94
38084,519570.12
38085,822235.56
38086,477556.97
38087,717618.0
38088,525755.3
38089,580162.75
38090,499680.9
38091,698148.94
38092,1.4974722e+06
38093,523279.25
38094,809917.3
38095,1.0859404e+06
38096,455877.94
38097,1.221594e+06
38098,591128.94
38099,1.4182935e+06
38100,840715.44
38101,939646.1
38102,1.1128139e+06
38103,1.6539506e+06
38104,565748.56
38105,549212.1
38106,531548.6
38107,497083.9
38108,1.0735079e+06
38109,499062.28
38110,550047.1
38111,653874.2
38112,483972.56
38113,599443.5
38114,892168.4
38115,452794.66
38116,537664.56
38117,816915.94
38118,444949.03
38119,457230.75
38120,762703.0
38121,558352.25
38122,452175.44
38123,478070.5
38124,760677.06
38125,628389.4
38126,974822.2
38127,378109.3
38128,380473.53
38129,456618.94
38130,528223.5
38131,576288.94
38132,581226.6
38133,452306.53
38134,510397.06
38135,930866.9
